rcp_num,cor_name,rpt_name,rpt_year,rpt_month
20060814000633,AK홀딩스,반기보고서,2006,06
20060814000657,BYC,반기보고서,2006,06
20060814001373,CJ,반기보고서,2006,06
20060906000122,CJ CGV,반기보고서,2006,06
20060811000464,CJ대한통운,반기보고서,2006,06
20060811000878,CJ씨푸드,반기보고서,2006,06
20060816000104,CS홀딩스,반기보고서,2006,06
20060814001045,DB,반기보고서,2006,06
20061114000809,DB금융투자,반기보고서,2006,09
20061114001334,DB손해보험,반기보고서,2006,09
20060814001030,DB하이텍,반기보고서,2006,06
20060811000633,DL,반기보고서,2006,06
20060811000530,DL건설,반기보고서,2006,06
20060915000108,DN오토모티브,반기보고서,2006,06
20060814000022,DRB동일,반기보고서,2006,06
20060811000239,DSR제강,반기보고서,2006,06
20060814000699,E1,반기보고서,2006,06
20060811000058,F&F 홀딩스,반기보고서,2006,06
20061023000016,GS,반기보고서,2006,06
20060814000401,GS건설,반기보고서,2006,06
20060814000625,GS글로벌,반기보고서,2006,06
20060814000932,GS리테일,반기보고서,2006,06
20060814001032,HDC,반기보고서,2006,06
20060810000140,HL D&I,반기보고서,2006,06
20060814000994,HLB글로벌,반기보고서,2006,06
20060811000709,HMM,반기보고서,2006,06
20060811000581,HSD엔진,반기보고서,2006,06
20060814000523,JW중외제약,반기보고서,2006,06
20060814000696,KC그린홀딩스,반기보고서,2006,06
20060814001339,KG스틸,반기보고서,2006,06
20060814001666,KG케미칼,반기보고서,2006,06
20060915000008,KH 필룩스,반기보고서,2006,06
20060814000016,KISCO홀딩스,반기보고서,2006,06
20060814001515,KPX케미칼,반기보고서,2006,06
20060814000792,KR모터스,반기보고서,2006,06
20060811000368,KTcs,반기보고서,2006,06
20060811000261,KTis,반기보고서,2006,06
20060814001304,LG,반기보고서,2006,06
20060814000979,LG디스플레이,반기보고서,2006,06
20060811000536,LG생활건강,반기보고서,2006,06
20060814000863,LG유플러스,반기보고서,2006,06
20060814000621,LG전자,반기보고서,2006,06
20060814000647,LG화학,반기보고서,2006,06
20060814001647,LS,반기보고서,2006,06
20060811000517,LS네트웍스,반기보고서,2006,06
20060811000177,LX인터내셔널,반기보고서,2006,06
20060808000238,MH에탄올,반기보고서,2006,06
20060814001414,NAVER,반기보고서,2006,06
20061114001617,NH투자증권,반기보고서,2006,09
20060814001202,NICE,반기보고서,2006,06
20060814000341,NI스틸,반기보고서,2006,06
20060811000504,OCI,반기보고서,2006,06
20060814000564,POSCO홀딩스,반기보고서,2006,06
20060814000063,S-Oil,반기보고서,2006,06
20060814001336,SBS,반기보고서,2006,06
20060814000302,SGC에너지,반기보고서,2006,06
20060814001700,SG글로벌,반기보고서,2006,06
20060814000862,SG세계물산,반기보고서,2006,06
20060814000959,SHD,반기보고서,2006,06
20060810000056,SH에너지화학,반기보고서,2006,06
20060915000227,SIMPAC,반기보고서,2006,06
20060814001283,SK,반기보고서,2006,06
20060828000111,SKC,반기보고서,2006,06
20060814001110,SK가스,반기보고서,2006,06
20060908000217,SK네트웍스,반기보고서,2006,06
20060811000441,SK디스커버리,반기보고서,2006,06
20060814001567,SK렌터카,반기보고서,2006,06
20061114000368,SK증권,반기보고서,2006,09
20060814001381,SK텔레콤,반기보고서,2006,06
20060814000360,SK하이닉스,반기보고서,2006,06
20060814000364,SNT모티브,반기보고서,2006,06
20060811000010,SNT중공업,반기보고서,2006,06
20060811000007,SNT홀딩스,반기보고서,2006,06
20060913000093,SPC삼립,반기보고서,2006,06
20060814001025,STX,반기보고서,2006,06
20060814001715,STX엔진,반기보고서,2006,06
20060515003236,SUN&L,반기보고서,2006,03
20060814000746,TCC스틸,반기보고서,2006,06
20060811000346,TYM,반기보고서,2006,06
20060810000313,WISCOM,반기보고서,2006,06
20060811000312,YG PLUS,반기보고서,2006,06
20060814000243,가온전선,반기보고서,2006,06
20060814000107,강남제비스코,반기보고서,2006,06
20060814001063,강원랜드,반기보고서,2006,06
20060127000198,강원랜드,반기보고서,2005,06
20060918000111,갤럭시아에스엠,반기보고서,2006,06
20060814000112,경농,반기보고서,2006,06
20060822000003,경동나비엔,반기보고서,2006,06
20060814000966,경동인베스트,반기보고서,2006,06
20060811000867,경방,반기보고서,2006,06
20060811000397,경인양행,반기보고서,2006,06
20060811000059,경인전자,반기보고서,2006,06
20060811000110,계룡건설산업,반기보고서,2006,06
20060814001181,계양전기,반기보고서,2006,06
20060814000296,고려산업,반기보고서,2006,06
20060814001379,고려아연,반기보고서,2006,06
20060809000153,고려제강,반기보고서,2006,06
20060914000139,광동제약,반기보고서,2006,06
20060811000213,광명전기,반기보고서,2006,06
20060811000801,광전자,반기보고서,2006,06
20060814001669,광주신세계,반기보고서,2006,06
20061114001807,교보증권,반기보고서,2006,09
20060811000028,국도화학,반기보고서,2006,06
20060814000420,국동,반기보고서,2006,06
20060811000257,국보,반기보고서,2006,06
20061113000143,국제약품,반기보고서,2006,09
20060814000037,그린케미칼,반기보고서,2006,06
20060811000149,극동유화,반기보고서,2006,06
20060814000532,금강공업,반기보고서,2006,06
20060515001905,금비,반기보고서,2006,03
20060814000705,금양,반기보고서,2006,06
20060814001033,금호건설,반기보고서,2006,06
20060814000326,금호석유화학,반기보고서,2006,06
20060814001354,금호전기,반기보고서,2006,06
20060814000245,금호타이어,반기보고서,2006,06
20060814001573,기아,반기보고서,2006,06
20060814000748,기업은행,반기보고서,2006,06
20060814000229,까뮤이앤씨,반기보고서,2006,06
20060814001106,깨끗한나라,반기보고서,2006,06
20060814001726,남광토건,반기보고서,2006,06
20060814000319,남선알미늄,반기보고서,2006,06
20060814001699,남성,반기보고서,2006,06
20060814000681,남양유업,반기보고서,2006,06
20060811000034,남해화학,반기보고서,2006,06
20060918000001,넥센,반기보고서,2006,06
20060814000203,넥센타이어,반기보고서,2006,06
20060814001126,노루페인트,반기보고서,2006,06
20060814001506,노루홀딩스,반기보고서,2006,06
20060915000149,녹십자,반기보고서,2006,06
20060814000648,녹십자홀딩스,반기보고서,2006,06
20060814000133,농심,반기보고서,2006,06
20060814000855,농심홀딩스,반기보고서,2006,06
20060814001474,다스코,반기보고서,2006,06
20060814001346,다올투자증권,반기보고서,2006,06
20060814001141,다우기술,반기보고서,2006,06
20060814001002,대교,반기보고서,2006,06
20061113000017,대구백화점,반기보고서,2006,09
20060814001011,대덕,반기보고서,2006,06
20060811000393,대동,반기보고서,2006,06
20061114001609,대동전자,반기보고서,2006,09
20060811000560,대림비앤코,반기보고서,2006,06
20060814000962,대림통상,반기보고서,2006,06
20060914000001,대상,반기보고서,2006,06
20060814000545,대상홀딩스,반기보고서,2006,06
20060814000118,대성홀딩스,반기보고서,2006,06
20061114001378,대신증권,반기보고서,2006,09
20060829000188,대양금속,반기보고서,2006,06
20060814000908,대영포장,반기보고서,2006,06
20060814001360,대우건설,반기보고서,2006,06
20060811000203,대우부품,반기보고서,2006,06
20060814000821,대우조선해양,반기보고서,2006,06
20061114001556,대웅,반기보고서,2006,09
20061114001604,대웅제약,반기보고서,2006,09
20060814001116,대원강업,반기보고서,2006,06
20060811000329,대원전선,반기보고서,2006,06
20060810000195,대원제약,반기보고서,2006,06
20060814001013,대원화성,반기보고서,2006,06
20061025000086,대유에이텍,반기보고서,2006,06
20060814001282,대유플러스,반기보고서,2006,06
20060814000379,대창,반기보고서,2006,06
20060814000348,대창단조,반기보고서,2006,06
20060814000292,대한방직,반기보고서,2006,06
20060811000434,대한유화,반기보고서,2006,06
20060816000201,대한전선,반기보고서,2006,06
20061114000857,대한제강,반기보고서,2006,09
20060811000381,대한제당,반기보고서,2006,06
20060915000051,대한제분,반기보고서,2006,06
20060814001279,대한항공,반기보고서,2006,06
20060810000018,대한해운,반기보고서,2006,06
20060814001598,대한화섬,반기보고서,2006,06
20060814000954,대현,반기보고서,2006,06
20060911000122,대호에이엘,반기보고서,2006,06
20060814001635,더존비즈온,반기보고서,2006,06
20060911000065,덕성,반기보고서,2006,06
20060814000535,덕양산업,반기보고서,2006,06
20060811000564,동국제강,반기보고서,2006,06
20060814000931,동남합성,반기보고서,2006,06
20060814000953,동방,반기보고서,2006,06
20060814000608,동방아그로,반기보고서,2006,06
20060814000709,동부건설,반기보고서,2006,06
20060811000484,동서,반기보고서,2006,06
20060814000638,동성제약,반기보고서,2006,06
20060811000486,동아쏘시오홀딩스,반기보고서,2006,06
20060814001613,동양,반기보고서,2006,06
20060814000549,동양고속,반기보고서,2006,06
20061221000215,동양생명,반기보고서,2006,09
20060811000748,동양철관,반기보고서,2006,06
20060814001036,동원F&B,반기보고서,2006,06
20061114001002,동원금속,반기보고서,2006,09
20060814000567,동원산업,반기보고서,2006,06
20060814001352,동원수산,반기보고서,2006,06
20060814000587,동원시스템즈,반기보고서,2006,06
20060814000624,동일산업,반기보고서,2006,06
20061113000077,동화약품,반기보고서,2006,09
20060811000088,두산,반기보고서,2006,06
20060814000597,두산에너빌리티,반기보고서,2006,06
20060814000290,디씨엠,반기보고서,2006,06
20060814000407,디아이,반기보고서,2006,06
20060814001058,디아이동일,반기보고서,2006,06
20060810000154,디와이,반기보고서,2006,06
20060811000800,롯데관광개발,반기보고서,2006,06
20060811000380,롯데렌탈,반기보고서,2006,06
20061114000804,롯데손해보험,반기보고서,2006,09
20060814000451,롯데쇼핑,반기보고서,2006,06
20060814001416,롯데정밀화학,반기보고서,2006,06
20060814001533,롯데지주,반기보고서,2006,06
20060814001391,롯데칠성음료,반기보고서,2006,06
20060814001637,롯데케미칼,반기보고서,2006,06
20060814000643,마니커,반기보고서,2006,06
20060213000401,만호제강,반기보고서,2005,12
20061114000882,메리츠증권,반기보고서,2006,09
20060814001324,모나리자,반기보고서,2006,06
20061113000531,모나미,반기보고서,2006,06
20060811000520,모토닉,반기보고서,2006,06
20060814000928,무림P&P,반기보고서,2006,06
20060814001182,무림페이퍼,반기보고서,2006,06
20060811000267,무학,반기보고서,2006,06
20060814000101,문배철강,반기보고서,2006,06
20060814001314,미래산업,반기보고서,2006,06
20060814001499,미래아이앤지,반기보고서,2006,06
20061114000441,미래에셋생명,반기보고서,2006,09
20061121000207,미래에셋증권,반기보고서,2006,09
20061221000038,미원상사,반기보고서,2006,03
20060810000256,미창석유공업,반기보고서,2006,06
20060512000678,방림,반기보고서,2006,03
20060915000255,백광산업,반기보고서,2006,06
20060814000888,백산,반기보고서,2006,06
20060814000946,범양건영,반기보고서,2006,06
20060814000961,벽산,반기보고서,2006,06
20060811000365,보락,반기보고서,2006,06
20060814000575,보령,반기보고서,2006,06
20060814000258,보해양조,반기보고서,2006,06
20061114001799,부광약품,반기보고서,2006,09
20061114000496,부국증권,반기보고서,2006,09
20060814000952,부국철강,반기보고서,2006,06
20060814000300,부산산업,반기보고서,2006,06
20060818000103,부산주공,반기보고서,2006,06
20060213000397,비비안,반기보고서,2005,12
20060811000399,비케이탑스,반기보고서,2006,06
20060814001084,빙그레,반기보고서,2006,06
20061114000291,사조대림,반기보고서,2006,09
20060519000179,사조동아원,반기보고서,2006,03
20060814001087,사조산업,반기보고서,2006,06
20061114000729,사조오양,반기보고서,2006,09
20060918000009,삼부토건,반기보고서,2006,06
20060814001477,삼성SDI,반기보고서,2006,06
20060814000346,삼성공조,반기보고서,2006,06
20060814001697,삼성물산,반기보고서,2006,06
20061114001754,삼성생명,반기보고서,2006,09
20060814001189,삼성에스디에스,반기보고서,2006,06
20060814001243,삼성엔지니어링,반기보고서,2006,06
20060814001209,삼성전기,반기보고서,2006,06
20060822000056,삼성전자,반기보고서,2006,06
20060814000335,삼성제약,반기보고서,2006,06
20060814001507,삼성중공업,반기보고서,2006,06
20061114001970,삼성증권,반기보고서,2006,09
20060811000130,삼성출판사,반기보고서,2006,06
20060814001362,삼성카드,반기보고서,2006,06
20061114001399,삼성화재해상보험,반기보고서,2006,09
20060814000528,삼아알미늄,반기보고서,2006,06
20060814001398,삼양식품,반기보고서,2006,06
20060810000079,삼양통상,반기보고서,2006,06
20060814001708,삼양홀딩스,반기보고서,2006,06
20060811000611,삼영무역,반기보고서,2006,06
20060811000367,삼영전자공업,반기보고서,2006,06
20060913000010,삼영화학공업,반기보고서,2006,06
20060814000066,삼익THK,반기보고서,2006,06
20060811000505,삼익악기,반기보고서,2006,06
20060814000524,삼일제약,반기보고서,2006,06
20060811000042,삼진제약,반기보고서,2006,06
20060814000380,삼천리,반기보고서,2006,06
20060810000063,삼호개발,반기보고서,2006,06
20060912000055,삼화왕관,반기보고서,2006,06
20060811000085,삼화전기,반기보고서,2006,06
20060814001430,삼화전자공업,반기보고서,2006,06
20060814001253,삼화콘덴서공업,반기보고서,2006,06
20060828000061,삼화페인트공업,반기보고서,2006,06
20061116000094,상상인증권,반기보고서,2006,09
20060811000837,상신브레이크,반기보고서,2006,06
20060814001184,새론오토모티브,반기보고서,2006,06
20060814001529,샘표,반기보고서,2006,06
20060912000108,서연,반기보고서,2006,06
20060814000253,서울도시가스,반기보고서,2006,06
20060811000438,서울식품공업,반기보고서,2006,06
20060814000662,서원,반기보고서,2006,06
20060811000569,서흥,반기보고서,2006,06
20060814000761,선도전기,반기보고서,2006,06
20060814001476,성문전자,반기보고서,2006,06
20060814000303,성보화학,반기보고서,2006,06
20060814001299,성신양회,반기보고서,2006,06
20060814001492,성안,반기보고서,2006,06
20060512000993,성창기업지주,반기보고서,2006,03
20060814000039,세기상사,반기보고서,2006,06
20060816000175,세방,반기보고서,2006,06
20060814001342,세방전지,반기보고서,2006,06
20060814001423,세아베스틸지주,반기보고서,2006,06
20060814001083,세아제강지주,반기보고서,2006,06
20060814001580,세아홀딩스,반기보고서,2006,06
20060905000011,세우글로벌,반기보고서,2006,06
20060214000323,세원정공,반기보고서,2005,12
20060811000765,세이브존I&C,반기보고서,2006,06
20060814000637,세종공업,반기보고서,2006,06
20060814001370,세하,반기보고서,2006,06
20060816000136,센트럴인사이트,반기보고서,2006,06
20060814000220,셀트리온,반기보고서,2006,06
20060818000035,송원산업,반기보고서,2006,06
20060814000483,수산중공업,반기보고서,2006,06
20060818000225,스틱인베스트먼트,반기보고서,2006,06
20060814001296,신대양제지,반기보고서,2006,06
20060811000280,신도리코,반기보고서,2006,06
20060814001649,신라교역,반기보고서,2006,06
20060814000298,신성이엔지,반기보고서,2006,06
20060214000021,신성통상,반기보고서,2005,12
20060814000963,신세계,반기보고서,2006,06
20060811000596,신세계I&C,반기보고서,2006,06
20060814000353,신세계건설,반기보고서,2006,06
20060814000434,신세계푸드,반기보고서,2006,06
20060512000625,신영와코루,반기보고서,2006,03
20061114001518,신영증권,반기보고서,2006,09
20060814000225,신원,반기보고서,2006,06
20060914000124,신일전자,반기보고서,2006,06
20060811000481,신풍,반기보고서,2006,06
20060814000842,신풍제약,반기보고서,2006,06
20060814001627,신한지주,반기보고서,2006,06
20060814000825,신흥,반기보고서,2006,06
20060814001519,쌍용씨앤이,반기보고서,2006,06
20060814001494,쌍용자동차,반기보고서,2006,06
20060814001337,써니전자,반기보고서,2006,06
20060911000226,쎌마테라퓨틱스,반기보고서,2006,06
20060814001071,씨아이테크,반기보고서,2006,06
20060811000775,아남전자,반기보고서,2006,06
20060811000594,아모레퍼시픽,반기보고서,2006,06
20060811000755,아모레퍼시픽그룹,반기보고서,2006,06
20060814000676,아세아,반기보고서,2006,06
20060913000184,아세아제지,반기보고서,2006,06
20060814001547,아센디오,반기보고서,2006,06
20060814001471,아시아나항공,반기보고서,2006,06
20060814001651,아이에스동서,반기보고서,2006,06
20060811000690,아이에이치큐,반기보고서,2006,06
20060814000404,에넥스,반기보고서,2006,06
20061114000641,에스엘,반기보고서,2006,09
20060915000017,에스엠벡셀,반기보고서,2006,06
20060814001147,에스원,반기보고서,2006,06
20060912000007,에스제이엠홀딩스,반기보고서,2006,06
20060814001524,에쓰씨엔지니어링,반기보고서,2006,06
20060811000770,에이블씨엔씨,반기보고서,2006,06
20060814000275,에이엔피,반기보고서,2006,06
20060814000660,에이프로젠,반기보고서,2006,06
20060515002395,에이프로젠바이오로직스,반기보고서,2006,03
20060810000359,엔씨소프트,반기보고서,2006,06
20060814000598,엔피씨,반기보고서,2006,06
20060814001111,엘에스일렉트릭,반기보고서,2006,06
20060915000030,영보화학,반기보고서,2006,06
20060814000417,영원무역홀딩스,반기보고서,2006,06
20060814000550,영진약품,반기보고서,2006,06
20060814000948,영풍,반기보고서,2006,06
20060814000576,영풍제지,반기보고서,2006,06
20060814000102,영화금속,반기보고서,2006,06
20060814000826,예스코홀딩스,반기보고서,2006,06
20060814000276,오뚜기,반기보고서,2006,06
20061114000710,오리엔트바이오,반기보고서,2006,09
20060814000533,오리온홀딩스,반기보고서,2006,06
20060814000062,와이투솔루션,반기보고서,2006,06
20060214000411,용평리조트,반기보고서,2005,12
20061114000797,우리종금,반기보고서,2006,09
20060814001196,우성,반기보고서,2006,06
20060814000375,우신시스템,반기보고서,2006,06
20060814000847,우진플라임,반기보고서,2006,06
20060814000874,웅진,반기보고서,2006,06
20060814000542,원림,반기보고서,2006,06
20060814000822,웰바이오텍,반기보고서,2006,06
20060814001394,윌비스,반기보고서,2006,06
20061114001828,유나이티드,반기보고서,2006,09
20060811000262,유니드,반기보고서,2006,06
20060811000145,유니온,반기보고서,2006,06
20060811000462,유니켐,반기보고서,2006,06
20060908000276,유니퀘스트,반기보고서,2006,06
20060811000146,유성기업,반기보고서,2006,06
20060814001495,유수홀딩스,반기보고서,2006,06
20061114001751,유안타증권,반기보고서,2006,09
20060814000430,유엔젤,반기보고서,2006,06
20061114000487,유유제약,반기보고서,2006,09
20061114001155,유진증권,반기보고서,2006,09
20060811000720,유한양행,반기보고서,2006,06
20061114000847,유화증권,반기보고서,2006,09
20060811000366,율촌화학,반기보고서,2006,06
20060512002409,이건산업,반기보고서,2006,03
20060814000151,이구산업,반기보고서,2006,06
20060814001332,이수페타시스,반기보고서,2006,06
20060811000478,이수화학,반기보고서,2006,06
20060914000239,이스타코,반기보고서,2006,06
20060814001682,이월드,반기보고서,2006,06
20061114001038,이화산업,반기보고서,2006,09
20060808000014,인디에프,반기보고서,2006,06
20060814001741,인스코비,반기보고서,2006,06
20060911000123,인지컨트롤스,반기보고서,2006,06
20060814000770,인팩,반기보고서,2006,06
20061113000365,일동홀딩스,반기보고서,2006,09
20060912000184,일성건설,반기보고서,2006,06
20060814000851,일성신약,반기보고서,2006,06
20060814000266,일신방직,반기보고서,2006,06
20060915000040,일신석재,반기보고서,2006,06
20061114000906,일양약품,반기보고서,2006,09
20060811000198,일정실업,반기보고서,2006,06
20060912000104,일진다이아,반기보고서,2006,06
20060914000222,일진디스플,반기보고서,2006,06
20060814000173,일진홀딩스,반기보고서,2006,06
20060814000997,자화전자,반기보고서,2006,06
20060814000600,전방,반기보고서,2006,06
20060814000012,제이준코스메틱,반기보고서,2006,06
20060814001331,제일기획,반기보고서,2006,06
20060811000299,제일연마,반기보고서,2006,06
20060811000813,제일파마홀딩스,반기보고서,2006,06
20060814000976,제주은행,반기보고서,2006,06
20060911000006,조광페인트,반기보고서,2006,06
20060814001153,조광피혁,반기보고서,2006,06
20060814000414,조비,반기보고서,2006,06
20060810000014,조선내화,반기보고서,2006,06
20060814001027,조일알미늄,반기보고서,2006,06
20060814000506,조흥,반기보고서,2006,06
20060814001187,종근당바이오,반기보고서,2006,06
20060814001334,종근당홀딩스,반기보고서,2006,06
20060811000459,지투알,반기보고서,2006,06
20060814000764,진도,반기보고서,2006,06
20060814000763,진양산업,반기보고서,2006,06
20060816000086,진양폴리우레탄,반기보고서,2006,06
20060814000981,진양화학,반기보고서,2006,06
20060915000054,진원생명과학,반기보고서,2006,06
20060814000614,진흥기업,반기보고서,2006,06
20060811000304,참엔지니어링,반기보고서,2006,06
20060811000716,천일고속,반기보고서,2006,06
20060214000428,체시스,반기보고서,2005,12
20060814000634,카카오,반기보고서,2006,06
20060814000586,카프로,반기보고서,2006,06
20060814001271,케이비아이동국실업,반기보고서,2006,06
20060811000576,케이씨,반기보고서,2006,06
20060811000060,케이씨씨,반기보고서,2006,06
20060811000315,케이씨티시,반기보고서,2006,06
20060814000179,케이티,반기보고서,2006,06
20060814000832,케이티스카이라이프,반기보고서,2006,06
20060810000040,케이티앤지,반기보고서,2006,06
20060814001518,코리아써키트,반기보고서,2006,06
20061114001419,코리안리,반기보고서,2006,09
20060915000208,코스맥스비티아이,반기보고서,2006,06
20060912000137,코스모신소재,반기보고서,2006,06
20060811000822,코스모화학,반기보고서,2006,06
20060814000553,코아스,반기보고서,2006,06
20060913000031,코오롱,반기보고서,2006,06
20060901000255,코오롱글로벌,반기보고서,2006,06
20060914000109,코웨이,반기보고서,2006,06
20060814001633,콘텐트리중앙,반기보고서,2006,06
20060811000073,콤텍시스템,반기보고서,2006,06
20060814000197,큐로,반기보고서,2006,06
20060814000061,크라운해태홀딩스,반기보고서,2006,06
20060814000876,키다리스튜디오,반기보고서,2006,06
20061114001333,키움증권,반기보고서,2006,09
20060814001193,태경비케이,반기보고서,2006,06
20060814001297,태경산업,반기보고서,2006,06
20060814001190,태경케미컬,반기보고서,2006,06
20060814000530,태광산업,반기보고서,2006,06
20060814001241,태림포장,반기보고서,2006,06
20060814000584,태양금속공업,반기보고서,2006,06
20060814001554,태영건설,반기보고서,2006,06
20060811000322,태원물산,반기보고서,2006,06
20060814000458,태평양물산,반기보고서,2006,06
20060814000111,텔코웨어,반기보고서,2006,06
20060914000193,티비에이치글로벌,반기보고서,2006,06
20060814000984,티에이치엔,반기보고서,2006,06
20060817000091,티웨이홀딩스,반기보고서,2006,06
20060811000607,티케이지휴켐스,반기보고서,2006,06
20060811000448,파미셀,반기보고서,2006,06
20060807000039,팜스코,반기보고서,2006,06
20060814000141,팜젠사이언스,반기보고서,2006,06
20060915000169,퍼스텍,반기보고서,2006,06
20060814000094,퍼시스,반기보고서,2006,06
20060811000833,페이퍼코리아,반기보고서,2006,06
20060814001692,평화산업,반기보고서,2006,06
20060814001369,평화홀딩스,반기보고서,2006,06
20060814001233,포스코스틸리온,반기보고서,2006,06
20060811000425,포스코인터내셔널,반기보고서,2006,06
20060814001504,포스코케미칼,반기보고서,2006,06
20060809000131,풀무원,반기보고서,2006,06
20060814001169,풍산홀딩스,반기보고서,2006,06
20060814001678,플레이그램,반기보고서,2006,06
20060811000686,하나금융지주,반기보고서,2006,06
20060829000173,하나투어,반기보고서,2006,06
20060811000296,하이스틸,반기보고서,2006,06
20060811000314,하이트론씨스템즈,반기보고서,2006,06
20060814000136,하이트진로,반기보고서,2006,06
20060814001714,하이트진로홀딩스,반기보고서,2006,06
20060811000563,한국가스공사,반기보고서,2006,06
20060814000019,한국공항,반기보고서,2006,06
20061114001693,한국금융지주,반기보고서,2006,09
20060814001260,한국내화,반기보고서,2006,06
20060811000442,한국단자공업,반기보고서,2006,06
20060814001250,한국석유공업,반기보고서,2006,06
20060811000265,한국수출포장공업,반기보고서,2006,06
20060814000518,한국쉘석유,반기보고서,2006,06
20060814000103,한국앤컴퍼니,반기보고서,2006,06
20060814001180,한국전력공사,반기보고서,2006,06
20060814001385,한국전자홀딩스,반기보고서,2006,06
20060811000726,한국조선해양,반기보고서,2006,06
20060811000064,한국주강,반기보고서,2006,06
20061114001080,한국주철관공업,반기보고서,2006,09
20060911000047,한국카본,반기보고서,2006,06
20061114000148,한국콜마홀딩스,반기보고서,2006,09
20060809000184,한국토지신탁,반기보고서,2006,06
20060814000209,한국특강,반기보고서,2006,06
20060814001128,한국프랜지공업,반기보고서,2006,06
20060811000001,한국항공우주,반기보고서,2006,06
20060811000396,한국화장품제조,반기보고서,2006,06
20060811000428,한농화성,반기보고서,2006,06
20060811000162,한독,반기보고서,2006,06
20060814000092,한미반도체,반기보고서,2006,06
20060811000426,한미사이언스,반기보고서,2006,06
20060814000351,한샘,반기보고서,2006,06
20060811000157,한섬,반기보고서,2006,06
20060814001569,한성기업,반기보고서,2006,06
20060906000131,한세예스24홀딩스,반기보고서,2006,06
20060814001114,한솔로지스틱스,반기보고서,2006,06
20060814000590,한솔케미칼,반기보고서,2006,06
20060814000306,한솔테크닉스,반기보고서,2006,06
20060814000492,한솔피엔에스,반기보고서,2006,06
20060814000665,한솔홀딩스,반기보고서,2006,06
20060814001317,한솔홈데코,반기보고서,2006,06
20060814000015,한신공영,반기보고서,2006,06
20060814000327,한신기계공업,반기보고서,2006,06
20061114000415,한양증권,반기보고서,2006,09
20060811000056,한온시스템,반기보고서,2006,06
20060814000263,한올바이오파마,반기보고서,2006,06
20060814000104,한익스프레스,반기보고서,2006,06
20060814000082,한일철강,반기보고서,2006,06
20060811000305,한일현대시멘트,반기보고서,2006,06
20060811000602,한일홀딩스,반기보고서,2006,06
20060814000416,한진,반기보고서,2006,06
20060814000804,한진중공업홀딩스,반기보고서,2006,06
20060811000893,한창,반기보고서,2006,06
20060814001194,한창제지,반기보고서,2006,06
20060814001329,한화,반기보고서,2006,06
20061114000229,한화손해보험,반기보고서,2006,09
20060814000924,한화솔루션,반기보고서,2006,06
20060911000243,한화에어로스페이스,반기보고서,2006,06
20061114001901,한화투자증권,반기보고서,2006,09
20060814001626,현대건설,반기보고서,2006,06
20060814001288,현대그린푸드,반기보고서,2006,06
20060817000149,현대글로비스,반기보고서,2006,06
20060814001125,현대두산인프라코어,반기보고서,2006,06
20060814001191,현대로템,반기보고서,2006,06
20060810000142,현대리바트,반기보고서,2006,06
20060814001672,현대모비스,반기보고서,2006,06
20060814000185,현대미포조선,반기보고서,2006,06
20060811000650,현대백화점,반기보고서,2006,06
20060811000327,현대비앤지스틸,반기보고서,2006,06
20060714000190,현대약품,반기보고서,2006,05
20060811000559,현대엘리베이터,반기보고서,2006,06
20060814001482,현대위아,반기보고서,2006,06
20060814001052,현대자동차,반기보고서,2006,06
20060814000919,현대제철,반기보고서,2006,06
20061114000905,현대차증권,반기보고서,2006,09
20060810000370,현대코퍼레이션,반기보고서,2006,06
20061114000188,현대해상,반기보고서,2006,09
20060814001124,혜인,반기보고서,2006,06
20060814001443,호텔신라,반기보고서,2006,06
20060814001212,화성산업,반기보고서,2006,06
20060814000796,화승인더스트리,반기보고서,2006,06
20060814000316,화승코퍼레이션,반기보고서,2006,06
20060811000054,화신,반기보고서,2006,06
20060814000678,화천기계,반기보고서,2006,06
20060814000065,화천기공,반기보고서,2006,06
20060811000605,환인제약,반기보고서,2006,06
20060814000497,황금에스티,반기보고서,2006,06
20060811000347,효성,반기보고서,2006,06
20060814000730,휴니드테크놀러지스,반기보고서,2006,06
20060721000171,휴비스,반기보고서,2006,06
20060814000098,휴스틸,반기보고서,2006,06
20061114000700,흥국화재,반기보고서,2006,09
20060821000067,흥아해운,반기보고서,2006,06
20061114000887,AK홀딩스,분기보고서,2006,09
20060512001961,AK홀딩스,분기보고서,2006,03
20061114001145,BYC,분기보고서,2006,09
20060515002442,BYC,분기보고서,2006,03
20061114001050,CJ,분기보고서,2006,09
20060518000135,CJ,분기보고서,2006,03
20061114001314,CJ CGV,분기보고서,2006,09
20060515001434,CJ CGV,분기보고서,2006,03
20061114000561,CJ대한통운,분기보고서,2006,09
20060512001016,CJ대한통운,분기보고서,2006,03
20061114001090,CJ씨푸드,분기보고서,2006,09
20060512001229,CJ씨푸드,분기보고서,2006,03
20061114000258,CS홀딩스,분기보고서,2006,09
20060515001899,CS홀딩스,분기보고서,2006,03
20061114000214,DB,분기보고서,2006,09
20060515002281,DB,분기보고서,2006,03
20060814000017,DB금융투자,분기보고서,2006,06
20060215000037,DB금융투자,분기보고서,2005,12
20060814001429,DB손해보험,분기보고서,2006,06
20060214000248,DB손해보험,분기보고서,2005,12
20061114001345,DB하이텍,분기보고서,2006,09
20060515002846,DB하이텍,분기보고서,2006,03
20061114001404,DL,분기보고서,2006,09
20060515002929,DL,분기보고서,2006,03
20061114000779,DL건설,분기보고서,2006,09
20060515002436,DL건설,분기보고서,2006,03
20061114001379,DN오토모티브,분기보고서,2006,09
20060515003034,DN오토모티브,분기보고서,2006,03
20061114001708,DRB동일,분기보고서,2006,09
20060515003431,DRB동일,분기보고서,2006,03
20061113000195,DSR제강,분기보고서,2006,09
20060515000706,DSR제강,분기보고서,2006,03
20061114001303,E1,분기보고서,2006,09
20060515001445,E1,분기보고서,2006,03
20061114000386,F&F 홀딩스,분기보고서,2006,09
20060512000347,F&F 홀딩스,분기보고서,2006,03
20061114000737,GS,분기보고서,2006,09
20060512002144,GS,분기보고서,2006,03
20061114001222,GS건설,분기보고서,2006,09
20060515001990,GS건설,분기보고서,2006,03
20061227000233,GS글로벌,분기보고서,2006,09
20060515001778,GS글로벌,분기보고서,2006,03
20061114000587,GS리테일,분기보고서,2006,09
20060515002371,GS리테일,분기보고서,2006,03
20061114001649,HDC,분기보고서,2006,09
20060515003207,HDC,분기보고서,2006,03
20061110000444,HDC현대EP,분기보고서,2006,09
20061113000352,HL D&I,분기보고서,2006,09
20060515001467,HL D&I,분기보고서,2006,03
20061114001001,HLB글로벌,분기보고서,2006,09
20060522000238,HLB글로벌,분기보고서,2006,03
20061114000962,HMM,분기보고서,2006,09
20060515001952,HMM,분기보고서,2006,03
20061114001220,HSD엔진,분기보고서,2006,09
20060515000429,HSD엔진,분기보고서,2006,03
20061114000642,JW중외제약,분기보고서,2006,09
20060511001162,JW중외제약,분기보고서,2006,03
20061113000035,KC그린홀딩스,분기보고서,2006,09
20060515002323,KC그린홀딩스,분기보고서,2006,03
20061114001249,KEC,분기보고서,2006,09
20061114001258,KG스틸,분기보고서,2006,09
20060515002975,KG스틸,분기보고서,2006,03
20061114001937,KG케미칼,분기보고서,2006,09
20060515003130,KG케미칼,분기보고서,2006,03
20061117000052,KH 필룩스,분기보고서,2006,09
20060512001191,KH 필룩스,분기보고서,2006,03
20061114000456,KISCO홀딩스,분기보고서,2006,09
20060712000021,KISCO홀딩스,분기보고서,2006,03
20061114001859,KPX케미칼,분기보고서,2006,09
20060515001930,KPX케미칼,분기보고서,2006,03
20061115000046,KPX홀딩스,분기보고서,2006,09
20061114000217,KR모터스,분기보고서,2006,09
20060515001398,KR모터스,분기보고서,2006,03
20061115000157,KTcs,분기보고서,2006,09
20060515002002,KTcs,분기보고서,2006,03
20061114000038,KTis,분기보고서,2006,09
20060515003349,KTis,분기보고서,2006,03
20061114001061,LG,분기보고서,2006,09
20060515002600,LG,분기보고서,2006,03
20061114001095,LG디스플레이,분기보고서,2006,09
20060515002911,LG디스플레이,분기보고서,2006,03
20061114000178,LG생활건강,분기보고서,2006,09
20060515002044,LG생활건강,분기보고서,2006,03
20061114001473,LG유플러스,분기보고서,2006,09
20060515003010,LG유플러스,분기보고서,2006,03
20061115000287,LG전자,분기보고서,2006,09
20060515002902,LG전자,분기보고서,2006,03
20061114000122,LG화학,분기보고서,2006,09
20060515002518,LG화학,분기보고서,2006,03
20061114001062,LS,분기보고서,2006,09
20060515002888,LS,분기보고서,2006,03
20061114001162,LS네트웍스,분기보고서,2006,09
20060515000767,LS네트웍스,분기보고서,2006,03
20061114001758,LX인터내셔널,분기보고서,2006,09
20060515000955,LX인터내셔널,분기보고서,2006,03
20061113000263,MH에탄올,분기보고서,2006,09
20060512001940,MH에탄올,분기보고서,2006,03
20061114001356,NAVER,분기보고서,2006,09
20060515001402,NAVER,분기보고서,2006,03
20060814001374,NH투자증권,분기보고서,2006,06
20060214000442,NH투자증권,분기보고서,2005,12
20061114000597,NICE,분기보고서,2006,09
20060516000397,NICE,분기보고서,2006,03
20061114000744,NI스틸,분기보고서,2006,09
20060515001849,NI스틸,분기보고서,2006,03
20061114001596,OCI,분기보고서,2006,09
20060515001297,OCI,분기보고서,2006,03
20061114000974,POSCO홀딩스,분기보고서,2006,09
20060515001340,POSCO홀딩스,분기보고서,2006,03
20061114001740,S-Oil,분기보고서,2006,09
20060515002869,S-Oil,분기보고서,2006,03
20061113000269,SBS,분기보고서,2006,09
20060515001440,SBS,분기보고서,2006,03
20061114000921,SGC에너지,분기보고서,2006,09
20060515001886,SGC에너지,분기보고서,2006,03
20061114001879,SG글로벌,분기보고서,2006,09
20060515001944,SG글로벌,분기보고서,2006,03
20061114000651,SG세계물산,분기보고서,2006,09
20060515001898,SG세계물산,분기보고서,2006,03
20061114000977,SHD,분기보고서,2006,09
20060516000165,SHD,분기보고서,2006,03
20061114001084,SH에너지화학,분기보고서,2006,09
20060515001232,SH에너지화학,분기보고서,2006,03
20061114000393,SIMPAC,분기보고서,2006,09
20060515000756,SIMPAC,분기보고서,2006,03
20061114001571,SK,분기보고서,2006,09
20060515002579,SK,분기보고서,2006,03
20061114001701,SKC,분기보고서,2006,09
20060515003049,SKC,분기보고서,2006,03
20061114001468,SK가스,분기보고서,2006,09
20060515001504,SK가스,분기보고서,2006,03
20061114001494,SK네트웍스,분기보고서,2006,09
20060515003426,SK네트웍스,분기보고서,2006,03
20061114001052,SK디스커버리,분기보고서,2006,09
20060515001222,SK디스커버리,분기보고서,2006,03
20061114001734,SK렌터카,분기보고서,2006,09
20060515002425,SK렌터카,분기보고서,2006,03
20060814000927,SK증권,분기보고서,2006,06
20060213000203,SK증권,분기보고서,2005,12
20061114000781,SK텔레콤,분기보고서,2006,09
20060515003135,SK텔레콤,분기보고서,2006,03
20061114000498,SK하이닉스,분기보고서,2006,09
20060515002039,SK하이닉스,분기보고서,2006,03
20061113000155,SNT모티브,분기보고서,2006,09
20060515001793,SNT모티브,분기보고서,2006,03
20061113000223,SNT중공업,분기보고서,2006,09
20060515001183,SNT중공업,분기보고서,2006,03
20061113000082,SNT홀딩스,분기보고서,2006,09
20060510000795,SNT홀딩스,분기보고서,2006,03
20061113000091,SPC삼립,분기보고서,2006,09
20060511001729,SPC삼립,분기보고서,2006,03
20061114000734,STX,분기보고서,2006,09
20060515003048,STX,분기보고서,2006,03
20061114000950,STX엔진,분기보고서,2006,09
20060515002900,STX엔진,분기보고서,2006,03
20060814001561,SUN&L,분기보고서,2006,06
20060214000290,SUN&L,분기보고서,2005,12
20061114001560,TCC스틸,분기보고서,2006,09
20060515002707,TCC스틸,분기보고서,2006,03
20061113000054,TYM,분기보고서,2006,09
20060512000373,TYM,분기보고서,2006,03
20061114000370,WISCOM,분기보고서,2006,09
20060512001213,WISCOM,분기보고서,2006,03
20061113000381,YG PLUS,분기보고서,2006,09
20060515001339,YG PLUS,분기보고서,2006,03
20061114000176,가온전선,분기보고서,2006,09
20060515000952,가온전선,분기보고서,2006,03
20061114000733,강남제비스코,분기보고서,2006,09
20060515000601,강남제비스코,분기보고서,2006,03
20061114001144,강원랜드,분기보고서,2006,09
20060515002387,강원랜드,분기보고서,2006,03
20060127000199,강원랜드,분기보고서,2005,09
20060127000197,강원랜드,분기보고서,2005,03
20061114000795,갤럭시아에스엠,분기보고서,2006,09
20060512001009,갤럭시아에스엠,분기보고서,2006,03
20061114001375,경농,분기보고서,2006,09
20060512000230,경농,분기보고서,2006,03
20061114000150,경동나비엔,분기보고서,2006,09
20060515002557,경동나비엔,분기보고서,2006,03
20061114001647,경동인베스트,분기보고서,2006,09
20060515000218,경동인베스트,분기보고서,2006,03
20061114001770,경방,분기보고서,2006,09
20060515002640,경방,분기보고서,2006,03
20061110000085,경인양행,분기보고서,2006,09
20060512002250,경인양행,분기보고서,2006,03
20061114000020,경인전자,분기보고서,2006,09
20060512000935,경인전자,분기보고서,2006,03
20061113000310,계룡건설산업,분기보고서,2006,09
20060512001282,계룡건설산업,분기보고서,2006,03
20061114000107,계양전기,분기보고서,2006,09
20060515001165,계양전기,분기보고서,2006,03
20061114000419,고려산업,분기보고서,2006,09
20060515002289,고려산업,분기보고서,2006,03
20061114001565,고려아연,분기보고서,2006,09
20060519000259,고려아연,분기보고서,2006,03
20061113000358,고려제강,분기보고서,2006,09
20060512001542,고려제강,분기보고서,2006,03
20061114001326,광동제약,분기보고서,2006,09
20060515002275,광동제약,분기보고서,2006,03
20061114001156,광명전기,분기보고서,2006,09
20060515000550,광명전기,분기보고서,2006,03
20061114001311,광전자,분기보고서,2006,09
20060515001776,광전자,분기보고서,2006,03
20061114000625,광주신세계,분기보고서,2006,09
20060515001938,광주신세계,분기보고서,2006,03
20060814001177,교보증권,분기보고서,2006,06
20060214000132,교보증권,분기보고서,2005,12
20061110000043,국도화학,분기보고서,2006,09
20060511000212,국도화학,분기보고서,2006,03
20061114000439,국동,분기보고서,2006,09
20060515002703,국동,분기보고서,2006,03
20061114000601,국보,분기보고서,2006,09
20060515000987,국보,분기보고서,2006,03
20060816000110,국제약품,분기보고서,2006,06
20060214000133,국제약품,분기보고서,2005,12
20061114000740,그린케미칼,분기보고서,2006,09
20060512002530,그린케미칼,분기보고서,2006,03
20061114000362,극동유화,분기보고서,2006,09
20060508000572,극동유화,분기보고서,2006,03
20061114000333,금강공업,분기보고서,2006,09
20060515001167,금강공업,분기보고서,2006,03
20060814000737,금비,분기보고서,2006,06
20060214000312,금비,분기보고서,2005,12
20061114000789,금양,분기보고서,2006,09
20060512002037,금양,분기보고서,2006,03
20061114001504,금호건설,분기보고서,2006,09
20060515002461,금호건설,분기보고서,2006,03
20061114000536,금호석유화학,분기보고서,2006,09
20060515002823,금호석유화학,분기보고서,2006,03
20061114001911,금호전기,분기보고서,2006,09
20060515002189,금호전기,분기보고서,2006,03
20061114001004,금호타이어,분기보고서,2006,09
20060515002952,금호타이어,분기보고서,2006,03
20061114001795,기아,분기보고서,2006,09
20060515003196,기아,분기보고서,2006,03
20061114001773,기업은행,분기보고서,2006,09
20060515002405,기업은행,분기보고서,2006,03
20061114001048,까뮤이앤씨,분기보고서,2006,09
20060515000858,까뮤이앤씨,분기보고서,2006,03
20061114001045,깨끗한나라,분기보고서,2006,09
20060522000197,깨끗한나라,분기보고서,2006,03
20061114001976,남광토건,분기보고서,2006,09
20060515003340,남광토건,분기보고서,2006,03
20061110000200,남선알미늄,분기보고서,2006,09
20060512002525,남선알미늄,분기보고서,2006,03
20061117000165,남성,분기보고서,2006,09
20060515002217,남성,분기보고서,2006,03
20061110000112,남양유업,분기보고서,2006,09
20060515001406,남양유업,분기보고서,2006,03
20061113000362,남해화학,분기보고서,2006,09
20060523000184,남해화학,분기보고서,2006,03
20061113000260,넥센,분기보고서,2006,09
20060512002004,넥센,분기보고서,2006,03
20061114000463,넥센타이어,분기보고서,2006,09
20060515002324,넥센타이어,분기보고서,2006,03
20061114001613,노루페인트,분기보고서,2006,09
20061114001715,노루홀딩스,분기보고서,2006,09
20060515002891,노루홀딩스,분기보고서,2006,03
20061113000230,녹십자,분기보고서,2006,09
20060511000993,녹십자,분기보고서,2006,03
20061113000232,녹십자홀딩스,분기보고서,2006,09
20060515000409,녹십자홀딩스,분기보고서,2006,03
20061114000077,농심,분기보고서,2006,09
20060512000534,농심,분기보고서,2006,03
20061114000600,농심홀딩스,분기보고서,2006,09
20060515001636,농심홀딩스,분기보고서,2006,03
20061113000073,다스코,분기보고서,2006,09
20060512000394,다스코,분기보고서,2006,03
20061114001371,다올투자증권,분기보고서,2006,09
20060515003055,다올투자증권,분기보고서,2006,03
20061114000669,다우기술,분기보고서,2006,09
20060512001427,다우기술,분기보고서,2006,03
20061114000580,대교,분기보고서,2006,09
20060515001826,대교,분기보고서,2006,03
20060814000521,대구백화점,분기보고서,2006,06
20060213000091,대구백화점,분기보고서,2005,12
20061114000490,대덕,분기보고서,2006,09
20060515002410,대덕,분기보고서,2006,03
20061114000280,대동,분기보고서,2006,09
20060512001280,대동,분기보고서,2006,03
20060814001604,대동전자,분기보고서,2006,06
20060214000300,대동전자,분기보고서,2005,12
20061114000175,대림비앤코,분기보고서,2006,09
20060530000027,대림비앤코,분기보고서,2006,03
20061114001140,대림통상,분기보고서,2006,09
20060515001554,대림통상,분기보고서,2006,03
20061120000197,대상,분기보고서,2006,09
20060515002099,대상,분기보고서,2006,03
20061114001007,대상홀딩스,분기보고서,2006,09
20060525000035,대상홀딩스,분기보고서,2006,03
20061114000021,대성홀딩스,분기보고서,2006,09
20060515002783,대성홀딩스,분기보고서,2006,03
20060814001028,대신증권,분기보고서,2006,06
20060214000053,대신증권,분기보고서,2005,12
20061114000424,대양금속,분기보고서,2006,09
20060515002235,대양금속,분기보고서,2006,03
20061114001008,대영포장,분기보고서,2006,09
20060515001730,대영포장,분기보고서,2006,03
20061114001293,대우건설,분기보고서,2006,09
20060515002146,대우건설,분기보고서,2006,03
20061114001011,대우부품,분기보고서,2006,09
20060529000071,대우부품,분기보고서,2006,03
20061114001182,대우조선해양,분기보고서,2006,09
20060515001322,대우조선해양,분기보고서,2006,03
20060814000893,대웅,분기보고서,2006,06
20060214000025,대웅,분기보고서,2005,12
20060814000889,대웅제약,분기보고서,2006,06
20060214000027,대웅제약,분기보고서,2005,12
20061114000092,대원강업,분기보고서,2006,09
20060515001352,대원강업,분기보고서,2006,03
20061113000215,대원전선,분기보고서,2006,09
20060512001505,대원전선,분기보고서,2006,03
20061114001648,대원제약,분기보고서,2006,09
20060515001677,대원제약,분기보고서,2006,03
20061114001449,대원화성,분기보고서,2006,09
20060515001829,대원화성,분기보고서,2006,03
20061114000067,대유에이텍,분기보고서,2006,09
20060810000421,대유에이텍,분기보고서,2006,03
20061114000265,대유플러스,분기보고서,2006,09
20060828000155,대유플러스,분기보고서,2005,09
20060515003397,대유플러스,분기보고서,2006,03
20061114000346,대창,분기보고서,2006,09
20060522000101,대창,분기보고서,2006,03
20061114001012,대창단조,분기보고서,2006,09
20060515000849,대창단조,분기보고서,2006,03
20061129000039,대한방직,분기보고서,2006,09
20060512002395,대한방직,분기보고서,2006,03
20061114000525,대한유화,분기보고서,2006,09
20060512000999,대한유화,분기보고서,2006,03
20061114001720,대한전선,분기보고서,2006,09
20060515001239,대한전선,분기보고서,2006,03
20060814000538,대한제강,분기보고서,2006,06
20060214000169,대한제강,분기보고서,2005,12
20061113000271,대한제당,분기보고서,2006,09
20060509000328,대한제당,분기보고서,2006,03
20061128000037,대한제분,분기보고서,2006,09
20060512002582,대한제분,분기보고서,2006,03
20061114001865,대한항공,분기보고서,2006,09
20060515003186,대한항공,분기보고서,2006,03
20061114001245,대한해운,분기보고서,2006,09
20060512000520,대한해운,분기보고서,2006,03
20061114001840,대한화섬,분기보고서,2006,09
20060515002852,대한화섬,분기보고서,2006,03
20061113000337,대현,분기보고서,2006,09
20060510000692,대현,분기보고서,2006,03
20061114001042,대호에이엘,분기보고서,2006,09
20060512001466,대호에이엘,분기보고서,2006,03
20061130000145,더존비즈온,분기보고서,2006,09
20060515002576,더존비즈온,분기보고서,2006,03
20061114000884,덕성,분기보고서,2006,09
20060515001078,덕성,분기보고서,2006,03
20061114000385,덕양산업,분기보고서,2006,09
20060515000509,덕양산업,분기보고서,2006,03
20061110000300,동국제강,분기보고서,2006,09
20060512002551,동국제강,분기보고서,2006,03
20061114000685,동남합성,분기보고서,2006,09
20060515002385,동남합성,분기보고서,2006,03
20061114000773,동방,분기보고서,2006,09
20060515001221,동방,분기보고서,2006,03
20061114000635,동방아그로,분기보고서,2006,09
20060515001251,동방아그로,분기보고서,2006,03
20061114000689,동부건설,분기보고서,2006,09
20060515001320,동부건설,분기보고서,2006,03
20061113000319,동서,분기보고서,2006,09
20060512001331,동서,분기보고서,2006,03
20061114000796,동성제약,분기보고서,2006,09
20060515001160,동성제약,분기보고서,2006,03
20061113000401,동아쏘시오홀딩스,분기보고서,2006,09
20060512000330,동아쏘시오홀딩스,분기보고서,2006,03
20061114001829,동양,분기보고서,2006,09
20060515002981,동양,분기보고서,2006,03
20061114000538,동양고속,분기보고서,2006,09
20060515001209,동양고속,분기보고서,2006,03
20060814000339,동양생명,분기보고서,2006,06
20061114000818,동양철관,분기보고서,2006,09
20060515001949,동양철관,분기보고서,2006,03
20061114001301,동원F&B,분기보고서,2006,09
20060515002542,동원F&B,분기보고서,2006,03
20060821000115,동원금속,분기보고서,2006,06
20060214000418,동원금속,분기보고서,2005,12
20061113000312,동원산업,분기보고서,2006,09
20060515001859,동원산업,분기보고서,2006,03
20061114001471,동원수산,분기보고서,2006,09
20060515002260,동원수산,분기보고서,2006,03
20061114001601,동원시스템즈,분기보고서,2006,09
20060512003029,동원시스템즈,분기보고서,2006,03
20061114000322,동일산업,분기보고서,2006,09
20060518000057,동일산업,분기보고서,2006,03
20060814000134,동화약품,분기보고서,2006,06
20060214000185,동화약품,분기보고서,2005,12
20061113000341,두산,분기보고서,2006,09
20060512001823,두산,분기보고서,2006,03
20061114000999,두산에너빌리티,분기보고서,2006,09
20060515002545,두산에너빌리티,분기보고서,2006,03
20061114000483,디씨엠,분기보고서,2006,09
20060515000865,디씨엠,분기보고서,2006,03
20061114000730,디아이,분기보고서,2006,09
20060515000562,디아이,분기보고서,2006,03
20061116000101,디아이동일,분기보고서,2006,09
20060515001235,디아이동일,분기보고서,2006,03
20061113000264,디와이,분기보고서,2006,09
20060525000059,디와이,분기보고서,2006,03
20061113000498,롯데관광개발,분기보고서,2006,09
20061113000463,롯데렌탈,분기보고서,2006,09
20060515001613,롯데렌탈,분기보고서,2006,03
20060814001228,롯데손해보험,분기보고서,2006,06
20060214000162,롯데손해보험,분기보고서,2005,12
20061114001076,롯데쇼핑,분기보고서,2006,09
20060515002597,롯데쇼핑,분기보고서,2006,03
20061114001428,롯데정밀화학,분기보고서,2006,09
20060515002773,롯데정밀화학,분기보고서,2006,03
20061114001886,롯데지주,분기보고서,2006,09
20060515003076,롯데지주,분기보고서,2006,03
20061114001670,롯데칠성음료,분기보고서,2006,09
20060515002554,롯데칠성음료,분기보고서,2006,03
20061114001308,롯데케미칼,분기보고서,2006,09
20060515002499,롯데케미칼,분기보고서,2006,03
20060515000243,롯데하이마트,분기보고서,2006,03
20061114001486,마니커,분기보고서,2006,09
20060515001646,마니커,분기보고서,2006,03
20061113000465,만호제강,분기보고서,2006,09
20060516000193,만호제강,분기보고서,2006,03
20060814001173,메리츠증권,분기보고서,2006,06
20060214000390,메리츠증권,분기보고서,2005,12
20061114000348,모나리자,분기보고서,2006,09
20060516000494,모나리자,분기보고서,2006,03
20061114000694,모나미,분기보고서,2006,09
20060512001746,모나미,분기보고서,2006,03
20061113000079,모토닉,분기보고서,2006,09
20060512000280,모토닉,분기보고서,2006,03
20061124000059,무림P&P,분기보고서,2006,09
20060515002872,무림P&P,분기보고서,2006,03
20061114001775,무림페이퍼,분기보고서,2006,09
20060515003066,무림페이퍼,분기보고서,2006,03
20061114000715,무학,분기보고서,2006,09
20060515002623,무학,분기보고서,2006,03
20061114000606,문배철강,분기보고서,2006,09
20060515001532,문배철강,분기보고서,2006,03
20061114000895,미래산업,분기보고서,2006,09
20060515001130,미래산업,분기보고서,2006,03
20061114001445,미래아이앤지,분기보고서,2006,09
20060515001678,미래아이앤지,분기보고서,2006,03
20060814001593,미래에셋생명,분기보고서,2006,06
20060214000337,미래에셋생명,분기보고서,2005,12
20060814001204,미래에셋증권,분기보고서,2006,06
20060214000358,미래에셋증권,분기보고서,2005,12
20061221000040,미원상사,분기보고서,2006,06
20061221000030,미원상사,분기보고서,2005,12
20061110000069,미창석유공업,분기보고서,2006,09
20060509001239,미창석유공업,분기보고서,2006,03
20060811000482,방림,분기보고서,2006,06
20060214000498,방림,분기보고서,2005,12
20061114001943,백광산업,분기보고서,2006,09
20060515002303,백광산업,분기보고서,2006,03
20061114000691,백산,분기보고서,2006,09
20060516000307,백산,분기보고서,2006,03
20061114000520,범양건영,분기보고서,2006,09
20060515001216,범양건영,분기보고서,2006,03
20061114000742,벽산,분기보고서,2006,09
20060515000775,벽산,분기보고서,2006,03
20061113000348,보락,분기보고서,2006,09
20060512001993,보락,분기보고서,2006,03
20061114001005,보령,분기보고서,2006,09
20060515001928,보령,분기보고서,2006,03
20061114000218,보해양조,분기보고서,2006,09
20060515000513,보해양조,분기보고서,2006,03
20060811000350,부광약품,분기보고서,2006,06
20060214000013,부광약품,분기보고서,2005,12
20060811000510,부국증권,분기보고서,2006,06
20060214000335,부국증권,분기보고서,2005,12
20061114001875,부국철강,분기보고서,2006,09
20060515000779,부국철강,분기보고서,2006,03
20061113000148,부산산업,분기보고서,2006,09
20060512001687,부산산업,분기보고서,2006,03
20061110000017,부산주공,분기보고서,2006,09
20060515000436,부산주공,분기보고서,2006,03
20061114000815,비비안,분기보고서,2006,09
20060512002848,비비안,분기보고서,2006,03
20061114000407,비케이탑스,분기보고서,2006,09
20060515000780,비케이탑스,분기보고서,2006,03
20061101000141,빙그레,분기보고서,2006,09
20060515002059,빙그레,분기보고서,2006,03
20060814000731,사조대림,분기보고서,2006,06
20060214000208,사조대림,분기보고서,2005,12
20060811000077,사조동아원,분기보고서,2006,06
20060519000173,사조동아원,분기보고서,2005,12
20061114001705,사조산업,분기보고서,2006,09
20060515002736,사조산업,분기보고서,2006,03
20060814001232,사조오양,분기보고서,2006,06
20060214000330,사조오양,분기보고서,2005,12
20061114000812,삼부토건,분기보고서,2006,09
20060515000985,삼부토건,분기보고서,2006,03
20061114001686,삼성SDI,분기보고서,2006,09
20060515002769,삼성SDI,분기보고서,2006,03
20061114000358,삼성공조,분기보고서,2006,09
20060515000712,삼성공조,분기보고서,2006,03
20061114001850,삼성물산,분기보고서,2006,09
20060515003179,삼성물산,분기보고서,2006,03
20060814001606,삼성생명,분기보고서,2006,06
20060214000305,삼성생명,분기보고서,2005,12
20061114001287,삼성에스디에스,분기보고서,2006,09
20060515001747,삼성에스디에스,분기보고서,2006,03
20061114001812,삼성엔지니어링,분기보고서,2006,09
20060515002263,삼성엔지니어링,분기보고서,2006,03
20061114001364,삼성전기,분기보고서,2006,09
20060515002993,삼성전기,분기보고서,2006,03
20061114001806,삼성전자,분기보고서,2006,09
20060515002848,삼성전자,분기보고서,2006,03
20061114001480,삼성제약,분기보고서,2006,09
20060515002075,삼성제약,분기보고서,2006,03
20061114001344,삼성중공업,분기보고서,2006,09
20060515003251,삼성중공업,분기보고서,2006,03
20060814001112,삼성증권,분기보고서,2006,06
20060214000322,삼성증권,분기보고서,2005,12
20061113000424,삼성출판사,분기보고서,2006,09
20060515001203,삼성출판사,분기보고서,2006,03
20061127000022,삼성카드,분기보고서,2006,09
20060515001920,삼성카드,분기보고서,2006,03
20060814001313,삼성화재해상보험,분기보고서,2006,06
20060214000279,삼성화재해상보험,분기보고서,2005,12
20061114000162,삼아알미늄,분기보고서,2006,09
20060515002479,삼아알미늄,분기보고서,2006,03
20061114001244,삼양식품,분기보고서,2006,09
20060515003065,삼양식품,분기보고서,2006,03
20061114000510,삼양통상,분기보고서,2006,09
20060512002049,삼양통상,분기보고서,2006,03
20061114001679,삼양홀딩스,분기보고서,2006,09
20060515002306,삼양홀딩스,분기보고서,2006,03
20061114000594,삼영무역,분기보고서,2006,09
20060515000645,삼영무역,분기보고서,2006,03
20061116000090,삼영전자공업,분기보고서,2006,09
20060515001007,삼영전자공업,분기보고서,2006,03
20061114001898,삼영화학공업,분기보고서,2006,09
20060515001233,삼영화학공업,분기보고서,2006,03
20061113000253,삼익THK,분기보고서,2006,09
20060515001056,삼익THK,분기보고서,2006,03
20061113000098,삼익악기,분기보고서,2006,09
20060512001621,삼익악기,분기보고서,2006,03
20061114000987,삼일제약,분기보고서,2006,09
20060515001431,삼일제약,분기보고서,2006,03
20061114000224,삼정펄프,분기보고서,2006,09
20061106000038,삼진제약,분기보고서,2006,09
20060515000968,삼진제약,분기보고서,2006,03
20061115000004,삼천리,분기보고서,2006,09
20060512001996,삼천리,분기보고서,2006,03
20061113000196,삼호개발,분기보고서,2006,09
20060515000805,삼호개발,분기보고서,2006,03
20061114001713,삼화왕관,분기보고서,2006,09
20060515002709,삼화왕관,분기보고서,2006,03
20061114000165,삼화전기,분기보고서,2006,09
20060512001195,삼화전기,분기보고서,2006,03
20061114001729,삼화전자공업,분기보고서,2006,09
20060515002768,삼화전자공업,분기보고서,2006,03
20061114001329,삼화콘덴서공업,분기보고서,2006,09
20060515002800,삼화콘덴서공업,분기보고서,2006,03
20061113000048,삼화페인트공업,분기보고서,2006,09
20060728000135,삼화페인트공업,분기보고서,2006,03
20060814000901,상상인증권,분기보고서,2006,06
20060214000486,상상인증권,분기보고서,2005,12
20061113000416,상신브레이크,분기보고서,2006,09
20060515001129,상신브레이크,분기보고서,2006,03
20061114001452,새론오토모티브,분기보고서,2006,09
20060516000370,새론오토모티브,분기보고서,2006,03
20061114001315,샘표,분기보고서,2006,09
20060512002911,샘표,분기보고서,2006,03
20061114001961,서연,분기보고서,2006,09
20060515002789,서연,분기보고서,2006,03
20061114000049,서울도시가스,분기보고서,2006,09
20060515000804,서울도시가스,분기보고서,2006,03
20061117000097,서울식품공업,분기보고서,2006,09
20060512001565,서울식품공업,분기보고서,2006,03
20061114000892,서원,분기보고서,2006,09
20060515000958,서원,분기보고서,2006,03
20061110000360,서흥,분기보고서,2006,09
20060512002077,서흥,분기보고서,2006,03
20061114001320,선도전기,분기보고서,2006,09
20060512000695,선도전기,분기보고서,2006,03
20061110000461,성문전자,분기보고서,2006,09
20060515002793,성문전자,분기보고서,2006,03
20061114000788,성보화학,분기보고서,2006,09
20060515000922,성보화학,분기보고서,2006,03
20061114001359,성신양회,분기보고서,2006,09
20060515002240,성신양회,분기보고서,2006,03
20061114001594,성안,분기보고서,2006,09
20060515002188,성안,분기보고서,2006,03
20060811000209,성창기업지주,분기보고서,2006,06
20060213000040,성창기업지주,분기보고서,2005,12
20061113000523,세기상사,분기보고서,2006,09
20060515000215,세기상사,분기보고서,2006,03
20061114001668,세방,분기보고서,2006,09
20060515002653,세방,분기보고서,2006,03
20061114001448,세방전지,분기보고서,2006,09
20060515001264,세방전지,분기보고서,2006,03
20061114000917,세아베스틸지주,분기보고서,2006,09
20060515002066,세아베스틸지주,분기보고서,2006,03
20061114000246,세아제강지주,분기보고서,2006,09
20060515001667,세아제강지주,분기보고서,2006,03
20061114001081,세아홀딩스,분기보고서,2006,09
20060515003014,세아홀딩스,분기보고서,2006,03
20061113000020,세우글로벌,분기보고서,2006,09
20060512000038,세우글로벌,분기보고서,2006,03
20061114000701,세원이앤씨,분기보고서,2006,09
20061114001118,세원정공,분기보고서,2006,09
20060515001958,세원정공,분기보고서,2006,03
20061120000194,세이브존I&C,분기보고서,2006,09
20060515001959,세이브존I&C,분기보고서,2006,03
20061114000058,세종공업,분기보고서,2006,09
20060512002174,세종공업,분기보고서,2006,03
20061114001921,세하,분기보고서,2006,09
20060515002589,세하,분기보고서,2006,03
20061114000839,센트럴인사이트,분기보고서,2006,09
20060515001286,센트럴인사이트,분기보고서,2006,03
20061114000802,셀트리온,분기보고서,2006,09
20060515000988,셀트리온,분기보고서,2006,03
20061113000063,송원산업,분기보고서,2006,09
20060512000108,송원산업,분기보고서,2006,03
20061114001233,수산중공업,분기보고서,2006,09
20060512001962,수산중공업,분기보고서,2006,03
20061114000146,스틱인베스트먼트,분기보고서,2006,09
20060515001875,스틱인베스트먼트,분기보고서,2006,03
20061114000454,신대양제지,분기보고서,2006,09
20060512002800,신대양제지,분기보고서,2006,03
20061113000222,신도리코,분기보고서,2006,09
20060512001734,신도리코,분기보고서,2006,03
20061114001089,신라교역,분기보고서,2006,09
20060515002259,신라교역,분기보고서,2006,03
20061114001211,신성이엔지,분기보고서,2006,09
20060515001289,신성이엔지,분기보고서,2006,03
20061114000820,신성통상,분기보고서,2006,09
20060515001488,신성통상,분기보고서,2006,03
20061114001023,신세계,분기보고서,2006,09
20060515002013,신세계,분기보고서,2006,03
20061114000567,신세계I&C,분기보고서,2006,09
20060515001720,신세계I&C,분기보고서,2006,03
20061114001391,신세계건설,분기보고서,2006,09
20060515001280,신세계건설,분기보고서,2006,03
20061114000169,신세계푸드,분기보고서,2006,09
20060515001082,신세계푸드,분기보고서,2006,03
20060814000035,신영와코루,분기보고서,2006,06
20060214000006,신영와코루,분기보고서,2005,12
20060811000535,신영증권,분기보고서,2006,06
20060210000461,신영증권,분기보고서,2005,12
20061113000320,신원,분기보고서,2006,09
20060512002337,신원,분기보고서,2006,03
20061114000598,신일전자,분기보고서,2006,09
20060512001099,신일전자,분기보고서,2006,03
20061117000109,신풍,분기보고서,2006,09
20060516000220,신풍,분기보고서,2006,03
20061114000837,신풍제약,분기보고서,2006,09
20060515001020,신풍제약,분기보고서,2006,03
20061114001803,신한지주,분기보고서,2006,09
20060515002730,신한지주,분기보고서,2006,03
20061114001979,신흥,분기보고서,2006,09
20060515001076,신흥,분기보고서,2006,03
20061114001869,쌍용씨앤이,분기보고서,2006,09
20060515002909,쌍용씨앤이,분기보고서,2006,03
20061114001466,쌍용자동차,분기보고서,2006,09
20060515001965,쌍용자동차,분기보고서,2006,03
20061114001259,써니전자,분기보고서,2006,09
20060515002550,써니전자,분기보고서,2006,03
20061120000094,쎌마테라퓨틱스,분기보고서,2006,09
20060518000165,쎌마테라퓨틱스,분기보고서,2006,03
20061114000329,씨아이테크,분기보고서,2006,09
20060515002780,씨아이테크,분기보고서,2006,03
20061114000210,아남전자,분기보고서,2006,09
20060515001872,아남전자,분기보고서,2006,03
20061114000066,아모레퍼시픽,분기보고서,2006,09
20061108000231,아모레퍼시픽그룹,분기보고서,2006,09
20060515000691,아모레퍼시픽그룹,분기보고서,2006,03
20061114001406,아세아,분기보고서,2006,09
20060515001314,아세아,분기보고서,2006,03
20061114000877,아세아제지,분기보고서,2006,09
20060515000484,아세아제지,분기보고서,2006,03
20061114001894,아센디오,분기보고서,2006,09
20060515002512,아센디오,분기보고서,2006,03
20061114001634,아시아나항공,분기보고서,2006,09
20060515002834,아시아나항공,분기보고서,2006,03
20061114001843,아이에스동서,분기보고서,2006,09
20060515002618,아이에스동서,분기보고서,2006,03
20061110000281,아이에이치큐,분기보고서,2006,09
20060512001202,아이에이치큐,분기보고서,2006,03
20061114000774,에넥스,분기보고서,2006,09
20060515001400,에넥스,분기보고서,2006,03
20060814001246,에스엘,분기보고서,2006,06
20060214000256,에스엘,분기보고서,2005,12
20061114001365,에스엠벡셀,분기보고서,2006,09
20060515000786,에스엠벡셀,분기보고서,2006,03
20061114001431,에스원,분기보고서,2006,09
20060515002840,에스원,분기보고서,2006,03
20061114000484,에스제이엠홀딩스,분기보고서,2006,09
20060515000052,에스제이엠홀딩스,분기보고서,2006,03
20061117000070,에쓰씨엔지니어링,분기보고서,2006,09
20060515002317,에쓰씨엔지니어링,분기보고서,2006,03
20061117000037,에이블씨엔씨,분기보고서,2006,09
20060517000117,에이블씨엔씨,분기보고서,2006,03
20061114000474,에이엔피,분기보고서,2006,09
20060511000338,에이엔피,분기보고서,2006,03
20061114000379,에이프로젠,분기보고서,2006,09
20060515000866,에이프로젠,분기보고서,2006,03
20060811000446,에이프로젠바이오로직스,분기보고서,2006,06
20060214000139,에이프로젠바이오로직스,분기보고서,2005,12
20061114001179,엔씨소프트,분기보고서,2006,09
20060515002379,엔씨소프트,분기보고서,2006,03
20061114000766,엔피씨,분기보고서,2006,09
20060515001631,엔피씨,분기보고서,2006,03
20061114001417,엘에스일렉트릭,분기보고서,2006,09
20060515002339,엘에스일렉트릭,분기보고서,2006,03
20061114000872,영보화학,분기보고서,2006,09
20060512002308,영보화학,분기보고서,2006,03
20061114000785,영원무역홀딩스,분기보고서,2006,09
20060512000597,영원무역홀딩스,분기보고서,2006,03
20061114000202,영진약품,분기보고서,2006,09
20060515000581,영진약품,분기보고서,2006,03
20061114001382,영풍,분기보고서,2006,09
20060515001973,영풍,분기보고서,2006,03
20061114001434,영풍제지,분기보고서,2006,09
20060515001909,영풍제지,분기보고서,2006,03
20061114000168,영화금속,분기보고서,2006,09
20060515000259,영화금속,분기보고서,2006,03
20061114000121,예스코홀딩스,분기보고서,2006,09
20060515000110,예스코홀딩스,분기보고서,2006,03
20061114000300,오뚜기,분기보고서,2006,09
20060515000339,오뚜기,분기보고서,2006,03
20060814001608,오리엔트바이오,분기보고서,2006,06
20060214000359,오리엔트바이오,분기보고서,2005,12
20061114000869,오리온홀딩스,분기보고서,2006,09
20060515001009,오리온홀딩스,분기보고서,2006,03
20061114000529,와이투솔루션,분기보고서,2006,09
20060515001530,와이투솔루션,분기보고서,2006,03
20061114000949,용평리조트,분기보고서,2006,09
20060515000579,용평리조트,분기보고서,2006,03
20060814000583,우리종금,분기보고서,2006,06
20060214000209,우리종금,분기보고서,2005,12
20061114000756,우성,분기보고서,2006,09
20060515001742,우성,분기보고서,2006,03
20061114000057,우신시스템,분기보고서,2006,09
20060515000754,우신시스템,분기보고서,2006,03
20061114000747,우진플라임,분기보고서,2006,09
20060516000091,우진플라임,분기보고서,2006,03
20061114001082,웅진,분기보고서,2006,09
20060515002230,웅진,분기보고서,2006,03
20061114000588,원림,분기보고서,2006,09
20060515000822,원림,분기보고서,2006,03
20061114000196,웰바이오텍,분기보고서,2006,09
20060515001694,웰바이오텍,분기보고서,2006,03
20061114001441,윌비스,분기보고서,2006,09
20060512002138,윌비스,분기보고서,2006,03
20060814000936,유나이티드,분기보고서,2006,06
20060214000508,유나이티드,분기보고서,2005,12
20061114000981,유니드,분기보고서,2006,09
20060512000982,유니드,분기보고서,2006,03
20061114000614,유니온,분기보고서,2006,09
20060512000812,유니온,분기보고서,2006,03
20061114000787,유니켐,분기보고서,2006,09
20060811000211,유니켐,분기보고서,2006,03
20061109000094,유니퀘스트,분기보고서,2006,09
20060509000621,유니퀘스트,분기보고서,2006,03
20061114000428,유성기업,분기보고서,2006,09
20060512001177,유성기업,분기보고서,2006,03
20061114001102,유수홀딩스,분기보고서,2006,09
20060516000486,유수홀딩스,분기보고서,2006,03
20060814001526,유안타증권,분기보고서,2006,06
20060214000426,유안타증권,분기보고서,2005,12
20061114000341,유엔젤,분기보고서,2006,09
20060515000771,유엔젤,분기보고서,2006,03
20060814000702,유유제약,분기보고서,2006,06
20060214000075,유유제약,분기보고서,2005,12
20060814000271,유진증권,분기보고서,2006,06
20060214000481,유진증권,분기보고서,2005,12
20061113000372,유한양행,분기보고서,2006,09
20060515003237,유한양행,분기보고서,2006,03
20060811000540,유화증권,분기보고서,2006,06
20060214000182,유화증권,분기보고서,2005,12
20061114000578,율촌화학,분기보고서,2006,09
20060512000518,율촌화학,분기보고서,2006,03
20060814001355,이건산업,분기보고서,2006,06
20060214000431,이건산업,분기보고서,2005,12
20061114000941,이구산업,분기보고서,2006,09
20060515001475,이구산업,분기보고서,2006,03
20061114001093,이수페타시스,분기보고서,2006,09
20060515001741,이수페타시스,분기보고서,2006,03
20061110000419,이수화학,분기보고서,2006,09
20060511001938,이수화학,분기보고서,2006,03
20061114000014,이스타코,분기보고서,2006,09
20060512000283,이스타코,분기보고서,2006,03
20060515002913,이엔플러스,분기보고서,2006,03
20061114001811,이월드,분기보고서,2006,09
20060523000223,이월드,분기보고서,2006,03
20060811000051,이화산업,분기보고서,2006,06
20060214000029,이화산업,분기보고서,2005,12
20061108000026,인디에프,분기보고서,2006,09
20060515002220,인디에프,분기보고서,2006,03
20061124000232,인스코비,분기보고서,2006,09
20060516000504,인스코비,분기보고서,2006,03
20061114000401,인지컨트롤스,분기보고서,2006,09
20060512001194,인지컨트롤스,분기보고서,2006,03
20061114001904,인천도시가스,분기보고서,2006,09
20061113000136,인팩,분기보고서,2006,09
20060515001128,인팩,분기보고서,2006,03
20060811000081,일동홀딩스,분기보고서,2006,06
20060209000069,일동홀딩스,분기보고서,2005,12
20061114000155,일성건설,분기보고서,2006,09
20060515001294,일성건설,분기보고서,2006,03
20061114001561,일성신약,분기보고서,2006,09
20060515001625,일성신약,분기보고서,2006,03
20061114000461,일신방직,분기보고서,2006,09
20060515002258,일신방직,분기보고서,2006,03
20061114001394,일신석재,분기보고서,2006,09
20060515001388,일신석재,분기보고서,2006,03
20060814000142,일양약품,분기보고서,2006,06
20060214000199,일양약품,분기보고서,2005,12
20061113000323,일정실업,분기보고서,2006,09
20060515001210,일정실업,분기보고서,2006,03
20061114000909,일진다이아,분기보고서,2006,09
20060512000944,일진다이아,분기보고서,2006,03
20061114001981,일진디스플,분기보고서,2006,09
20060522000234,일진디스플,분기보고서,2006,03
20061114000576,일진홀딩스,분기보고서,2006,09
20060515000558,일진홀딩스,분기보고서,2006,03
20061114001388,자화전자,분기보고서,2006,09
20060515001031,자화전자,분기보고서,2006,03
20061114000696,전방,분기보고서,2006,09
20060512000364,전방,분기보고서,2006,03
20061114001128,제이준코스메틱,분기보고서,2006,09
20060515001108,제이준코스메틱,분기보고서,2006,03
20061114001185,제일기획,분기보고서,2006,09
20060515000077,제일기획,분기보고서,2006,03
20061114000590,제일연마,분기보고서,2006,09
20060512002578,제일연마,분기보고서,2006,03
20061114000252,제일파마홀딩스,분기보고서,2006,09
20060512002595,제일파마홀딩스,분기보고서,2006,03
20061114001603,제주은행,분기보고서,2006,09
20060515003029,제주은행,분기보고서,2006,03
20061110000164,조광페인트,분기보고서,2006,09
20060526000162,조광페인트,분기보고서,2006,03
20061113000440,조광피혁,분기보고서,2006,09
20060512002296,조광피혁,분기보고서,2006,03
20061114000942,조비,분기보고서,2006,09
20060512001445,조비,분기보고서,2006,03
20061110000104,조선내화,분기보고서,2006,09
20060510001345,조선내화,분기보고서,2006,03
20061114001168,조일알미늄,분기보고서,2006,09
20060512001640,조일알미늄,분기보고서,2006,03
20061113000371,조흥,분기보고서,2006,09
20060512002843,조흥,분기보고서,2006,03
20061114001077,종근당바이오,분기보고서,2006,09
20060515001597,종근당바이오,분기보고서,2006,03
20061114001071,종근당홀딩스,분기보고서,2006,09
20060515001477,종근당홀딩스,분기보고서,2006,03
20061113000504,주연테크,분기보고서,2006,09
20061114001158,지누스,분기보고서,2006,09
20060523000248,지누스,분기보고서,2006,03
20061114000477,지투알,분기보고서,2006,09
20060515002614,지투알,분기보고서,2006,03
20061116000213,진도,분기보고서,2006,09
20060515001416,진도,분기보고서,2006,03
20061114001768,진양산업,분기보고서,2006,09
20060523000093,진양산업,분기보고서,2006,03
20061114000727,진양폴리우레탄,분기보고서,2006,09
20060515001397,진양폴리우레탄,분기보고서,2006,03
20061114000928,진양화학,분기보고서,2006,09
20060515001466,진양화학,분기보고서,2006,03
20061114000943,진원생명과학,분기보고서,2006,09
20060515000942,진원생명과학,분기보고서,2006,03
20061114001580,진흥기업,분기보고서,2006,09
20060515003335,진흥기업,분기보고서,2006,03
20061114000721,참엔지니어링,분기보고서,2006,09
20060515000763,참엔지니어링,분기보고서,2006,03
20061114000902,천일고속,분기보고서,2006,09
20060512002148,천일고속,분기보고서,2006,03
20061114000325,체시스,분기보고서,2006,09
20060515001296,체시스,분기보고서,2006,03
20061114000708,카카오,분기보고서,2006,09
20060515002519,카카오,분기보고서,2006,03
20061117000144,카프로,분기보고서,2006,09
20060512001422,카프로,분기보고서,2006,03
20061114001282,케이비아이동국실업,분기보고서,2006,09
20060515003172,케이비아이동국실업,분기보고서,2006,03
20061114001191,케이씨,분기보고서,2006,09
20060515001673,케이씨,분기보고서,2006,03
20061114001079,케이씨씨,분기보고서,2006,09
20060515001684,케이씨씨,분기보고서,2006,03
20061113000119,케이씨티시,분기보고서,2006,09
20060517000158,케이씨티시,분기보고서,2006,03
20061114000301,케이티,분기보고서,2006,09
20060515001953,케이티,분기보고서,2006,03
20061114000309,케이티스카이라이프,분기보고서,2006,09
20060515002447,케이티스카이라이프,분기보고서,2006,03
20061114000317,케이티앤지,분기보고서,2006,09
20060515000814,케이티앤지,분기보고서,2006,03
20061114000488,코리아써키트,분기보고서,2006,09
20060515001960,코리아써키트,분기보고서,2006,03
20060814001020,코리안리,분기보고서,2006,06
20060214000130,코리안리,분기보고서,2005,12
20061114001429,코스맥스비티아이,분기보고서,2006,09
20060515000109,코스맥스비티아이,분기보고서,2006,03
20061114001161,코스모신소재,분기보고서,2006,09
20060515001908,코스모신소재,분기보고서,2006,03
20061114001262,코스모화학,분기보고서,2006,09
20060512001064,코스모화학,분기보고서,2006,03
20061113000378,코아스,분기보고서,2006,09
20060512002333,코아스,분기보고서,2006,03
20061114000704,코오롱,분기보고서,2006,09
20060515001162,코오롱,분기보고서,2006,03
20061114001650,코오롱글로벌,분기보고서,2006,09
20060515002630,코오롱글로벌,분기보고서,2006,03
20061114001666,코웨이,분기보고서,2006,09
20060515003197,코웨이,분기보고서,2006,03
20061114000198,콘텐트리중앙,분기보고서,2006,09
20060515002857,콘텐트리중앙,분기보고서,2006,03
20061114000339,콤텍시스템,분기보고서,2006,09
20060512002504,콤텍시스템,분기보고서,2006,03
20061114000047,큐로,분기보고서,2006,09
20060515001276,큐로,분기보고서,2006,03
20061114001395,크라운해태홀딩스,분기보고서,2006,09
20060517000174,크라운해태홀딩스,분기보고서,2006,03
20061114001099,키다리스튜디오,분기보고서,2006,09
20060515002608,키다리스튜디오,분기보고서,2006,03
20060814000183,키움증권,분기보고서,2006,06
20060214000410,키움증권,분기보고서,2005,12
20061114001490,태경비케이,분기보고서,2006,09
20060515002714,태경비케이,분기보고서,2006,03
20061114001725,태경산업,분기보고서,2006,09
20060515003109,태경산업,분기보고서,2006,03
20061114001462,태경케미컬,분기보고서,2006,09
20060515002652,태경케미컬,분기보고서,2006,03
20061114001247,태광산업,분기보고서,2006,09
20060515002107,태광산업,분기보고서,2006,03
20061114001208,태림포장,분기보고서,2006,09
20060515001485,태림포장,분기보고서,2006,03
20061114000783,태양금속공업,분기보고서,2006,09
20060515001989,태양금속공업,분기보고서,2006,03
20061114000539,태영건설,분기보고서,2006,09
20060516000003,태영건설,분기보고서,2006,03
20061114001538,태원물산,분기보고서,2006,09
20060512001821,태원물산,분기보고서,2006,03
20061114000157,태평양물산,분기보고서,2006,09
20060515000358,태평양물산,분기보고서,2006,03
20061114000072,텔코웨어,분기보고서,2006,09
20060512001051,텔코웨어,분기보고서,2006,03
20061114000888,티비에이치글로벌,분기보고서,2006,09
20060515001087,티비에이치글로벌,분기보고서,2006,03
20061124000133,티에이치엔,분기보고서,2006,09
20060512002368,티에이치엔,분기보고서,2006,03
20061115000161,티웨이홀딩스,분기보고서,2006,09
20060515002402,티웨이홀딩스,분기보고서,2006,03
20061114001129,티케이지휴켐스,분기보고서,2006,09
20060512002815,티케이지휴켐스,분기보고서,2006,03
20061114000937,파미셀,분기보고서,2006,09
20060515002034,파미셀,분기보고서,2006,03
20060227000451,파미셀,분기보고서,2005,09
20061128000145,팜스코,분기보고서,2006,09
20060515000770,팜스코,분기보고서,2006,03
20061107000127,팜젠사이언스,분기보고서,2006,09
20060512002156,팜젠사이언스,분기보고서,2006,03
20061114001867,퍼스텍,분기보고서,2006,09
20060515000453,퍼스텍,분기보고서,2006,03
20061114000381,퍼시스,분기보고서,2006,09
20060515001913,퍼시스,분기보고서,2006,03
20061115000106,페이퍼코리아,분기보고서,2006,09
20060518000018,페이퍼코리아,분기보고서,2006,03
20061114000149,평화산업,분기보고서,2006,09
20061113000475,평화홀딩스,분기보고서,2006,09
20060515001304,평화홀딩스,분기보고서,2006,03
20061114001592,포스코스틸리온,분기보고서,2006,09
20060515002737,포스코스틸리온,분기보고서,2006,03
20061114001180,포스코인터내셔널,분기보고서,2006,09
20060515002342,포스코인터내셔널,분기보고서,2006,03
20061114001712,포스코케미칼,분기보고서,2006,09
20060515002301,포스코케미칼,분기보고서,2006,03
20061113000335,풀무원,분기보고서,2006,09
20060515002244,풀무원,분기보고서,2006,03
20061114000592,풍산홀딩스,분기보고서,2006,09
20060515001870,풍산홀딩스,분기보고서,2006,03
20061114001823,플레이그램,분기보고서,2006,09
20060512002924,플레이그램,분기보고서,2006,03
20061114001361,하나금융지주,분기보고서,2006,09
20060515003293,하나금융지주,분기보고서,2006,03
20061114001756,하나투어,분기보고서,2006,09
20060515001483,하나투어,분기보고서,2006,03
20061114000110,하이스틸,분기보고서,2006,09
20060515000317,하이스틸,분기보고서,2006,03
20061114001433,하이트론씨스템즈,분기보고서,2006,09
20060515000735,하이트론씨스템즈,분기보고서,2006,03
20061114000288,하이트진로,분기보고서,2006,09
20060515001769,하이트진로,분기보고서,2006,03
20061109000086,하이트진로홀딩스,분기보고서,2006,09
20060512002940,하이트진로홀딩스,분기보고서,2006,03
20061114000095,한국가스공사,분기보고서,2006,09
20060515001220,한국가스공사,분기보고서,2006,03
20061114001533,한국공항,분기보고서,2006,09
20060512002671,한국공항,분기보고서,2006,03
20060811000715,한국금융지주,분기보고서,2006,06
20060203000276,한국금융지주,분기보고서,2005,12
20061114000624,한국내화,분기보고서,2006,09
20060512002646,한국내화,분기보고서,2006,03
20061114001204,한국단자공업,분기보고서,2006,09
20060512002611,한국단자공업,분기보고서,2006,03
20061114001746,한국석유공업,분기보고서,2006,09
20060515002656,한국석유공업,분기보고서,2006,03
20061113000193,한국수출포장공업,분기보고서,2006,09
20060512001040,한국수출포장공업,분기보고서,2006,03
20061114001073,한국쉘석유,분기보고서,2006,09
20060515001807,한국쉘석유,분기보고서,2006,03
20061114000147,한국앤컴퍼니,분기보고서,2006,09
20060515000216,한국앤컴퍼니,분기보고서,2006,03
20061114000604,한국전력공사,분기보고서,2006,09
20060512001118,한국전력공사,분기보고서,2006,03
20061114001020,한국전자홀딩스,분기보고서,2006,09
20060515003434,한국전자홀딩스,분기보고서,2006,03
20061114000758,한국조선해양,분기보고서,2006,09
20060515000518,한국조선해양,분기보고서,2006,03
20061114000526,한국주강,분기보고서,2006,09
20060512001004,한국주강,분기보고서,2006,03
20060814000749,한국주철관공업,분기보고서,2006,06
20060214000215,한국주철관공업,분기보고서,2005,12
20061114000012,한국카본,분기보고서,2006,09
20060512002291,한국카본,분기보고서,2006,03
20060814000250,한국콜마홀딩스,분기보고서,2006,06
20060213000041,한국콜마홀딩스,분기보고서,2005,12
20061114000104,한국토지신탁,분기보고서,2006,09
20060515002154,한국토지신탁,분기보고서,2006,03
20061114001312,한국특강,분기보고서,2006,09
20060515001230,한국특강,분기보고서,2006,03
20061114001497,한국프랜지공업,분기보고서,2006,09
20060515002811,한국프랜지공업,분기보고서,2006,03
20061114001034,한국항공우주,분기보고서,2006,09
20060515002232,한국항공우주,분기보고서,2006,03
20061110000221,한국화장품제조,분기보고서,2006,09
20060512001602,한국화장품제조,분기보고서,2006,03
20061114000764,한농화성,분기보고서,2006,09
20060512002663,한농화성,분기보고서,2006,03
20061113000293,한독,분기보고서,2006,09
20060512000991,한독,분기보고서,2006,03
20061114000160,한미반도체,분기보고서,2006,09
20060512000672,한미반도체,분기보고서,2006,03
20061114001055,한미사이언스,분기보고서,2006,09
20060515001576,한미사이언스,분기보고서,2006,03
20061114000989,한샘,분기보고서,2006,09
20060515001329,한샘,분기보고서,2006,03
20061114001058,한섬,분기보고서,2006,09
20060512000969,한섬,분기보고서,2006,03
20061114001787,한성기업,분기보고서,2006,09
20060512000560,한성기업,분기보고서,2006,03
20061114000929,한세예스24홀딩스,분기보고서,2006,09
20060512002140,한세예스24홀딩스,분기보고서,2006,03
20061114001125,한솔로지스틱스,분기보고서,2006,09
20060515002115,한솔로지스틱스,분기보고서,2006,03
20061114000253,한솔케미칼,분기보고서,2006,09
20060526000261,한솔케미칼,분기보고서,2006,03
20061114001376,한솔테크닉스,분기보고서,2006,09
20060511000097,한솔테크닉스,분기보고서,2006,03
20061113000066,한솔피엔에스,분기보고서,2006,09
20060512002638,한솔피엔에스,분기보고서,2006,03
20061110000047,한솔홀딩스,분기보고서,2006,09
20060515003234,한솔홀딩스,분기보고서,2006,03
20061114001762,한솔홈데코,분기보고서,2006,09
20060515002376,한솔홈데코,분기보고서,2006,03
20061114000005,한신공영,분기보고서,2006,09
20060515000113,한신공영,분기보고서,2006,03
20061114000031,한신기계공업,분기보고서,2006,09
20060515000140,한신기계공업,분기보고서,2006,03
20060814000644,한양증권,분기보고서,2006,06
20060214000171,한양증권,분기보고서,2005,12
20061113000247,한온시스템,분기보고서,2006,09
20060512000214,한온시스템,분기보고서,2006,03
20061114000841,한올바이오파마,분기보고서,2006,09
20060515001470,한올바이오파마,분기보고서,2006,03
20061114001009,한익스프레스,분기보고서,2006,09
20060512001736,한익스프레스,분기보고서,2006,03
20061115000215,한일철강,분기보고서,2006,09
20060515000532,한일철강,분기보고서,2006,03
20061114001387,한일현대시멘트,분기보고서,2006,09
20060515001697,한일현대시멘트,분기보고서,2006,03
20061204000161,한일홀딩스,분기보고서,2006,09
20060516000108,한일홀딩스,분기보고서,2006,03
20061114001847,한진,분기보고서,2006,09
20060515003078,한진,분기보고서,2006,03
20061114001229,한진중공업홀딩스,분기보고서,2006,09
20060515002752,한진중공업홀딩스,분기보고서,2006,03
20061114001690,한창,분기보고서,2006,09
20060512002823,한창,분기보고서,2006,03
20061114001372,한창제지,분기보고서,2006,09
20060510000807,한창제지,분기보고서,2006,03
20061114001645,한화,분기보고서,2006,09
20060515002895,한화,분기보고서,2006,03
20060811000685,한화손해보험,분기보고서,2006,06
20060214000502,한화손해보험,분기보고서,2005,12
20061114001457,한화솔루션,분기보고서,2006,09
20060515003259,한화솔루션,분기보고서,2006,03
20061114001788,한화에어로스페이스,분기보고서,2006,09
20060515002960,한화에어로스페이스,분기보고서,2006,03
20060814001005,한화투자증권,분기보고서,2006,06
20060214000406,한화투자증권,분기보고서,2005,12
20061114001500,현대건설,분기보고서,2006,09
20060515002729,현대건설,분기보고서,2006,03
20061114001175,현대그린푸드,분기보고서,2006,09
20060515002552,현대그린푸드,분기보고서,2006,03
20061113000480,현대글로비스,분기보고서,2006,09
20060515002333,현대글로비스,분기보고서,2006,03
20061114001778,현대두산인프라코어,분기보고서,2006,09
20060515001602,현대두산인프라코어,분기보고서,2006,03
20061114001801,현대로템,분기보고서,2006,09
20060515001729,현대로템,분기보고서,2006,03
20061114000226,현대리바트,분기보고서,2006,09
20060511000926,현대리바트,분기보고서,2006,03
20061114001605,현대모비스,분기보고서,2006,09
20060515003031,현대모비스,분기보고서,2006,03
20061114000722,현대미포조선,분기보고서,2006,09
20060515001255,현대미포조선,분기보고서,2006,03
20061114000948,현대백화점,분기보고서,2006,09
20060515001549,현대백화점,분기보고서,2006,03
20061114001166,현대비앤지스틸,분기보고서,2006,09
20060512002181,현대비앤지스틸,분기보고서,2006,03
20061013000187,현대약품,분기보고서,2006,08
20060414000508,현대약품,분기보고서,2006,02
20061114001353,현대엘리베이터,분기보고서,2006,09
20060515002692,현대엘리베이터,분기보고서,2006,03
20061114001844,현대위아,분기보고서,2006,09
20060515003331,현대위아,분기보고서,2006,03
20061114001528,현대자동차,분기보고서,2006,09
20060515002502,현대자동차,분기보고서,2006,03
20061114001284,현대제철,분기보고서,2006,09
20060515002085,현대제철,분기보고서,2006,03
20060814000816,현대차증권,분기보고서,2006,06
20060214000131,현대차증권,분기보고서,2005,12
20061114001459,현대코퍼레이션,분기보고서,2006,09
20060512000450,현대코퍼레이션,분기보고서,2006,03
20060811000872,현대해상,분기보고서,2006,06
20060214000140,현대해상,분기보고서,2005,12
20061113000436,혜인,분기보고서,2006,09
20060512001320,혜인,분기보고서,2006,03
20061114000711,호텔신라,분기보고서,2006,09
20060515001444,호텔신라,분기보고서,2006,03
20061114001479,화성산업,분기보고서,2006,09
20061009000179,화성산업,분기보고서,2006,03
20061114001239,화승인더스트리,분기보고서,2006,09
20060512002748,화승인더스트리,분기보고서,2006,03
20061114001488,화승코퍼레이션,분기보고서,2006,09
20060515001724,화승코퍼레이션,분기보고서,2006,03
20061113000380,화신,분기보고서,2006,09
20060512002286,화신,분기보고서,2006,03
20061114000938,화천기계,분기보고서,2006,09
20060515001876,화천기계,분기보고서,2006,03
20061114000511,화천기공,분기보고서,2006,09
20060515001748,화천기공,분기보고서,2006,03
20061110000225,환인제약,분기보고서,2006,09
20060512000748,환인제약,분기보고서,2006,03
20061114000720,황금에스티,분기보고서,2006,09
20060515001423,황금에스티,분기보고서,2006,03
20061114001492,효성,분기보고서,2006,09
20060515002346,효성,분기보고서,2006,03
20061114000583,휴니드테크놀러지스,분기보고서,2006,09
20060515001840,휴니드테크놀러지스,분기보고서,2006,03
20061114000304,휴비스,분기보고서,2006,09
20060515003084,휴비스,분기보고서,2006,03
20061113000321,휴스틸,분기보고서,2006,09
20060515002051,휴스틸,분기보고서,2006,03
20060814001066,흥국화재,분기보고서,2006,06
20060214000430,흥국화재,분기보고서,2005,12
20061113000145,흥아해운,분기보고서,2006,09
20060515002468,흥아해운,분기보고서,2006,03
20060509000862,AK홀딩스,사업보고서,2005,12
20060331000097,BYC,사업보고서,2005,12
20060331000758,CJ,사업보고서,2005,12
20060503000727,CJ CGV,사업보고서,2005,12
20060329000446,CJ대한통운,사업보고서,2005,12
20060313000046,CJ씨푸드,사업보고서,2005,12
20060330000162,CS홀딩스,사업보고서,2005,12
20060510001773,DB,사업보고서,2005,12
20060629000007,DB금융투자,사업보고서,2006,03
20060728000196,DB손해보험,사업보고서,2006,03
20060331000392,DB하이텍,사업보고서,2005,12
20060331001244,DL,사업보고서,2005,12
20060324000975,DL건설,사업보고서,2005,12
20060509000785,DN오토모티브,사업보고서,2005,12
20060331000865,DRB동일,사업보고서,2005,12
20060331000340,DSR제강,사업보고서,2005,12
20060331001891,E1,사업보고서,2005,12
20060330000736,F&F 홀딩스,사업보고서,2005,12
20060330000538,GS,사업보고서,2005,12
20060330000995,GS건설,사업보고서,2005,12
20060331001787,GS글로벌,사업보고서,2005,12
20060331001056,GS리테일,사업보고서,2005,12
20060515000184,HDC,사업보고서,2005,12
20060331001826,HL D&I,사업보고서,2005,12
20060515003204,HLB글로벌,사업보고서,2005,12
20060331001702,HMM,사업보고서,2005,12
20060331001514,HSD엔진,사업보고서,2005,12
20060331000717,JW중외제약,사업보고서,2005,12
20060331000052,KC그린홀딩스,사업보고서,2005,12
20060502000001,KG스틸,사업보고서,2005,12
20060331001500,KG케미칼,사업보고서,2005,12
20060330000459,KH 필룩스,사업보고서,2005,12
20060712000024,KISCO홀딩스,사업보고서,2005,12
20060331001055,KPX케미칼,사업보고서,2005,12
20060331002203,KR모터스,사업보고서,2005,12
20060331001260,KTcs,사업보고서,2005,12
20060331000060,KTis,사업보고서,2005,12
20060331000530,LG,사업보고서,2005,12
20060331001487,LG디스플레이,사업보고서,2005,12
20060330001533,LG생활건강,사업보고서,2005,12
20060331001479,LG유플러스,사업보고서,2005,12
20060331001708,LG전자,사업보고서,2005,12
20060331000922,LG화학,사업보고서,2005,12
20060404000665,LS,사업보고서,2005,12
20060331000417,LS네트웍스,사업보고서,2005,12
20060331000610,LX인터내셔널,사업보고서,2005,12
20060329000423,MH에탄올,사업보고서,2005,12
20060329000471,NAVER,사업보고서,2005,12
20060607000198,NH투자증권,사업보고서,2006,03
20060331002166,NICE,사업보고서,2005,12
20060331001069,NI스틸,사업보고서,2005,12
20060331001025,OCI,사업보고서,2005,12
20060320000135,POSCO홀딩스,사업보고서,2005,12
20060331000917,S-Oil,사업보고서,2005,12
20060330001598,SBS,사업보고서,2005,12
20060330001134,SGC에너지,사업보고서,2005,12
20060331002195,SG글로벌,사업보고서,2005,12
20060331001107,SG세계물산,사업보고서,2005,12
20060331000409,SHD,사업보고서,2005,12
20060331001707,SH에너지화학,사업보고서,2005,12
20060330000727,SIMPAC,사업보고서,2005,12
20060331000899,SK,사업보고서,2005,12
20060330001377,SKC,사업보고서,2005,12
20060331001551,SK가스,사업보고서,2005,12
20060330000977,SK네트웍스,사업보고서,2005,12
20060331000546,SK디스커버리,사업보고서,2005,12
20060331001477,SK렌터카,사업보고서,2005,12
20060628000028,SK증권,사업보고서,2006,03
20060331001813,SK텔레콤,사업보고서,2005,12
20060331000377,SK하이닉스,사업보고서,2005,12
20060331001190,SNT모티브,사업보고서,2005,12
20060427000372,SNT중공업,사업보고서,2005,12
20060327000889,SNT홀딩스,사업보고서,2005,12
20060330001172,SPC삼립,사업보고서,2005,12
20060515003016,STX,사업보고서,2005,12
20060331001714,STX엔진,사업보고서,2005,12
20061229000116,SUN&L,사업보고서,2006,09
20060329000406,TCC스틸,사업보고서,2005,12
20060512000371,TYM,사업보고서,2005,12
20060330000533,WISCOM,사업보고서,2005,12
20060330000104,YG PLUS,사업보고서,2005,12
20060331000276,가온전선,사업보고서,2005,12
20060331000101,강남제비스코,사업보고서,2005,12
20060331001507,강원랜드,사업보고서,2005,12
20060329000365,갤럭시아에스엠,사업보고서,2005,12
20060508000514,경농,사업보고서,2005,12
20060331001169,경동나비엔,사업보고서,2005,12
20060331000180,경동인베스트,사업보고서,2005,12
20060330000507,경방,사업보고서,2005,12
20060329000625,경인양행,사업보고서,2005,12
20060330000067,경인전자,사업보고서,2005,12
20060330000153,계룡건설산업,사업보고서,2005,12
20060502000564,계양전기,사업보고서,2005,12
20060331000772,고려산업,사업보고서,2005,12
20060331001181,고려아연,사업보고서,2005,12
20060330000012,고려제강,사업보고서,2005,12
20060515002439,광동제약,사업보고서,2005,12
20060331000925,광명전기,사업보고서,2005,12
20060330001161,광전자,사업보고서,2005,12
20060331000864,광주신세계,사업보고서,2005,12
20060629000232,교보증권,사업보고서,2006,03
20060407000191,국도화학,사업보고서,2005,12
20060330001644,국동,사업보고서,2005,12
20060330000598,국보,사업보고서,2005,12
20060626000048,국제약품,사업보고서,2006,03
20060512000465,그린케미칼,사업보고서,2005,12
20060331000311,극동유화,사업보고서,2005,12
20060330000089,금강공업,사업보고서,2005,12
20061229000017,금비,사업보고서,2006,09
20060428000033,금양,사업보고서,2005,12
20060331001989,금호건설,사업보고서,2005,12
20060331000411,금호석유화학,사업보고서,2005,12
20060331001465,금호전기,사업보고서,2005,12
20060515002829,금호타이어,사업보고서,2005,12
20060515002755,기아,사업보고서,2005,12
20060331000970,기업은행,사업보고서,2005,12
20060331000725,까뮤이앤씨,사업보고서,2005,12
20060331001337,깨끗한나라,사업보고서,2005,12
20060331002718,남광토건,사업보고서,2005,12
20060331001212,남선알미늄,사업보고서,2005,12
20060331002138,남성,사업보고서,2005,12
20060331000274,남양유업,사업보고서,2005,12
20060428001563,남해화학,사업보고서,2005,12
20060330000413,넥센,사업보고서,2005,12
20060328000561,넥센타이어,사업보고서,2005,12
20060515002809,노루홀딩스,사업보고서,2005,12
20060511000615,녹십자,사업보고서,2005,12
20060330001555,녹십자홀딩스,사업보고서,2005,12
20060428000774,농심,사업보고서,2005,12
20060330000835,농심홀딩스,사업보고서,2005,12
20060329000353,다스코,사업보고서,2005,12
20060331002188,다올투자증권,사업보고서,2005,12
20060331001598,다우기술,사업보고서,2005,12
20060331000540,대교,사업보고서,2005,12
20060629000036,대구백화점,사업보고서,2006,03
20060331000724,대덕,사업보고서,2005,12
20060330001183,대동,사업보고서,2005,12
20060720000023,대동전자,사업보고서,2006,03
20060331000905,대림비앤코,사업보고서,2005,12
20060331000586,대림통상,사업보고서,2005,12
20060511001252,대상,사업보고서,2005,12
20060331001300,대상홀딩스,사업보고서,2005,12
20060331000076,대성홀딩스,사업보고서,2005,12
20060629000145,대신증권,사업보고서,2006,03
20060331001646,대양금속,사업보고서,2005,12
20060331000971,대영포장,사업보고서,2005,12
20060406000918,대우건설,사업보고서,2005,12
20060330000801,대우부품,사업보고서,2005,12
20060327000803,대우조선해양,사업보고서,2005,12
20060629000155,대웅,사업보고서,2006,03
20060629000157,대웅제약,사업보고서,2006,03
20060414000422,대원강업,사업보고서,2005,12
20060330000879,대원전선,사업보고서,2005,12
20060503000627,대원제약,사업보고서,2005,12
20060330001086,대원화성,사업보고서,2005,12
20060810000426,대유에이텍,사업보고서,2005,12
20060725000169,대유플러스,사업보고서,2005,12
20060330000840,대창,사업보고서,2005,12
20060330001030,대창단조,사업보고서,2005,12
20060515000874,대한방직,사업보고서,2005,12
20060428000485,대한유화,사업보고서,2005,12
20060403000734,대한전선,사업보고서,2005,12
20060629000061,대한제강,사업보고서,2006,03
20060331000109,대한제당,사업보고서,2005,12
20060329001013,대한제분,사업보고서,2005,12
20060331001295,대한항공,사업보고서,2005,12
20060330000524,대한해운,사업보고서,2005,12
20060331002359,대한화섬,사업보고서,2005,12
20060329000613,대현,사업보고서,2005,12
20060330000170,대호에이엘,사업보고서,2005,12
20060331001448,더존비즈온,사업보고서,2005,12
20060504000396,덕성,사업보고서,2005,12
20060331000301,덕양산업,사업보고서,2005,12
20060330001384,동국제강,사업보고서,2005,12
20060428000577,동남합성,사업보고서,2005,12
20060331000541,동방,사업보고서,2005,12
20060331001599,동방아그로,사업보고서,2005,12
20060706000205,동부건설,사업보고서,2005,12
20060331000630,동서,사업보고서,2005,12
20060512002604,동성제약,사업보고서,2005,12
20060330000589,동아쏘시오홀딩스,사업보고서,2005,12
20060331001765,동양,사업보고서,2005,12
20060330000717,동양고속,사업보고서,2005,12
20060629000223,동양생명,사업보고서,2006,03
20060331000575,동양철관,사업보고서,2005,12
20060428001293,동원F&B,사업보고서,2005,12
20060629000141,동원금속,사업보고서,2006,03
20060331001150,동원산업,사업보고서,2005,12
20060331001089,동원수산,사업보고서,2005,12
20060331000894,동원시스템즈,사업보고서,2005,12
20060331002323,동일산업,사업보고서,2005,12
20060628000036,동화약품,사업보고서,2006,03
20060502000733,두산,사업보고서,2005,12
20060330001619,두산에너빌리티,사업보고서,2005,12
20060329000352,디씨엠,사업보고서,2005,12
20060331000729,디아이,사업보고서,2005,12
20060428001319,디아이동일,사업보고서,2005,12
20060331000719,디와이,사업보고서,2005,12
20060331001913,롯데렌탈,사업보고서,2005,12
20060629000018,롯데손해보험,사업보고서,2006,03
20060405000885,롯데쇼핑,사업보고서,2005,12
20060123000155,롯데쇼핑,사업보고서,2004,12
20060331001984,롯데정밀화학,사업보고서,2005,12
20060331002463,롯데지주,사업보고서,2005,12
20060331002398,롯데칠성음료,사업보고서,2005,12
20060331002161,롯데케미칼,사업보고서,2005,12
20060331001990,롯데하이마트,사업보고서,2005,12
20060316000410,마니커,사업보고서,2005,12
20060927000254,만호제강,사업보고서,2006,06
20060629000168,메리츠증권,사업보고서,2006,03
20060331001209,모나리자,사업보고서,2005,12
20060512000511,모나미,사업보고서,2005,12
20060403000959,모토닉,사업보고서,2005,12
20060330000618,무림P&P,사업보고서,2005,12
20060331002440,무림페이퍼,사업보고서,2005,12
20060331002307,무학,사업보고서,2005,12
20060331001333,문배철강,사업보고서,2005,12
20060331001061,미래산업,사업보고서,2005,12
20060424000292,미래아이앤지,사업보고서,2005,12
20060630000005,미래에셋생명,사업보고서,2006,03
20060629000144,미래에셋증권,사업보고서,2006,03
20061221000048,미원상사,사업보고서,2006,09
20060327000411,미창석유공업,사업보고서,2005,12
20061228000084,방림,사업보고서,2006,09
20060510000832,백광산업,사업보고서,2005,12
20060331000501,백산,사업보고서,2005,12
20060331001644,범양건영,사업보고서,2005,12
20060428000272,벽산,사업보고서,2005,12
20060331000104,보락,사업보고서,2005,12
20060330001241,보령,사업보고서,2005,12
20060331000523,보해양조,사업보고서,2005,12
20060720000065,부광약품,사업보고서,2006,03
20060629000193,부국증권,사업보고서,2006,03
20060330000603,부국철강,사업보고서,2005,12
20060329000164,부산산업,사업보고서,2005,12
20060330000054,부산주공,사업보고서,2005,12
20060926000108,비비안,사업보고서,2006,06
20060330001240,비케이탑스,사업보고서,2005,12
20060331001472,빙그레,사업보고서,2005,12
20060721000147,사조대림,사업보고서,2006,03
20061228000145,사조동아원,사업보고서,2006,09
20060331001721,사조산업,사업보고서,2005,12
20060629000153,사조오양,사업보고서,2006,03
20060330001221,삼부토건,사업보고서,2005,12
20060331002122,삼성SDI,사업보고서,2005,12
20060331000057,삼성공조,사업보고서,2005,12
20060331002471,삼성물산,사업보고서,2005,12
20060629000196,삼성생명,사업보고서,2006,03
20060331001478,삼성에스디에스,사업보고서,2005,12
20060331001894,삼성엔지니어링,사업보고서,2005,12
20060331002212,삼성전기,사업보고서,2005,12
20060331001832,삼성전자,사업보고서,2005,12
20060331001213,삼성제약,사업보고서,2005,12
20060630000214,삼성중공업,사업보고서,2005,12
20060629000216,삼성증권,사업보고서,2006,03
20060330000146,삼성출판사,사업보고서,2005,12
20060414000870,삼성카드,사업보고서,2005,12
20060629000222,삼성화재해상보험,사업보고서,2006,03
20060331000400,삼아알미늄,사업보고서,2005,12
20060331001082,삼양식품,사업보고서,2005,12
20060330000807,삼양통상,사업보고서,2005,12
20060331001751,삼양홀딩스,사업보고서,2005,12
20060330001486,삼영무역,사업보고서,2005,12
20060515000412,삼영전자공업,사업보고서,2005,12
20060512002088,삼영화학공업,사업보고서,2005,12
20060330000934,삼익THK,사업보고서,2005,12
20060330000257,삼익악기,사업보고서,2005,12
20060330000274,삼일제약,사업보고서,2005,12
20060502000496,삼진제약,사업보고서,2005,12
20060331001001,삼천리,사업보고서,2005,12
20060327000190,삼호개발,사업보고서,2005,12
20060331001939,삼화왕관,사업보고서,2005,12
20060330001055,삼화전기,사업보고서,2005,12
20060515002622,삼화전자공업,사업보고서,2005,12
20060331000883,삼화콘덴서공업,사업보고서,2005,12
20060330001403,삼화페인트공업,사업보고서,2005,12
20060713000092,상상인증권,사업보고서,2006,03
20060330001369,상신브레이크,사업보고서,2005,12
20060331001078,새론오토모티브,사업보고서,2005,12
20060330001539,샘표,사업보고서,2005,12
20060331002141,서연,사업보고서,2005,12
20060222000415,서연,사업보고서,2004,12
20060331002603,서울도시가스,사업보고서,2005,12
20060512001502,서울식품공업,사업보고서,2005,12
20060330001451,서원,사업보고서,2005,12
20060329000829,서흥,사업보고서,2005,12
20060410000153,선도전기,사업보고서,2005,12
20060331001680,성문전자,사업보고서,2005,12
20060331000974,성보화학,사업보고서,2005,12
20060330001263,성신양회,사업보고서,2005,12
20060331000282,성안,사업보고서,2005,12
20060329000541,세기상사,사업보고서,2005,12
20060331002252,세방,사업보고서,2005,12
20060331001513,세방전지,사업보고서,2005,12
20060331000358,세아베스틸지주,사업보고서,2005,12
20060331001339,세아제강지주,사업보고서,2005,12
20060710000305,세아홀딩스,사업보고서,2005,12
20060511000049,세우글로벌,사업보고서,2005,12
20061031000122,세원정공,사업보고서,2006,06
20060421000266,세이브존I&C,사업보고서,2005,12
20060330000944,세종공업,사업보고서,2005,12
20060331002489,세하,사업보고서,2005,12
20060331000254,센트럴인사이트,사업보고서,2005,12
20060331000156,셀트리온,사업보고서,2005,12
20060324000171,송원산업,사업보고서,2005,12
20060421000002,수산중공업,사업보고서,2005,12
20060331001214,스틱인베스트먼트,사업보고서,2005,12
20060330000695,신대양제지,사업보고서,2005,12
20060329000319,신도리코,사업보고서,2005,12
20060331001843,신라교역,사업보고서,2005,12
20060331000998,신성이엔지,사업보고서,2005,12
20060928000089,신성통상,사업보고서,2006,06
20060331001870,신세계,사업보고서,2005,12
20060331001556,신세계I&C,사업보고서,2005,12
20060331000165,신세계건설,사업보고서,2005,12
20060331000745,신세계푸드,사업보고서,2005,12
20061229000012,신영와코루,사업보고서,2006,09
20060628000198,신영증권,사업보고서,2006,03
20060330000114,신원,사업보고서,2005,12
20060512001217,신일전자,사업보고서,2005,12
20060331000985,신풍,사업보고서,2005,12
20060428000821,신풍제약,사업보고서,2005,12
20060331001931,신한지주,사업보고서,2005,12
20060330000571,신흥,사업보고서,2005,12
20060331001365,쌍용씨앤이,사업보고서,2005,12
20060331001748,쌍용자동차,사업보고서,2005,12
20060331001925,써니전자,사업보고서,2005,12
20060414000098,쎌마테라퓨틱스,사업보고서,2005,12
20060331002058,씨아이테크,사업보고서,2005,12
20060331001062,아남전자,사업보고서,2005,12
20060330000957,아모레퍼시픽그룹,사업보고서,2005,12
20060428001210,아세아,사업보고서,2005,12
20060421000096,아세아제지,사업보고서,2005,12
20060428000383,아센디오,사업보고서,2005,12
20060331002337,아시아나항공,사업보고서,2005,12
20060331002292,아이에스동서,사업보고서,2005,12
20060330000979,아이에이치큐,사업보고서,2005,12
20060331000275,에넥스,사업보고서,2005,12
20060721000044,에스엘,사업보고서,2006,03
20060331001716,에스엠벡셀,사업보고서,2005,12
20060331001121,에스엠벡셀,사업보고서,2004,12
20060331002198,에스원,사업보고서,2005,12
20060504000002,에스제이엠홀딩스,사업보고서,2005,12
20060508001271,에쓰씨엔지니어링,사업보고서,2005,12
20060331002096,에이블씨엔씨,사업보고서,2005,12
20060330000279,에이엔피,사업보고서,2005,12
20060508000303,에이프로젠,사업보고서,2005,12
20060331000173,엔씨소프트,사업보고서,2005,12
20060331001279,엔피씨,사업보고서,2005,12
20060329001008,엘에스일렉트릭,사업보고서,2005,12
20060328000794,영보화학,사업보고서,2005,12
20060330001313,영원무역홀딩스,사업보고서,2005,12
20060510000733,영진약품,사업보고서,2005,12
20060331001484,영풍,사업보고서,2005,12
20060331001694,영풍제지,사업보고서,2005,12
20060403000397,영화금속,사업보고서,2005,12
20060331000036,예스코홀딩스,사업보고서,2005,12
20060329000601,오뚜기,사업보고서,2005,12
20060629000224,오리엔트바이오,사업보고서,2006,03
20060330001394,오리온홀딩스,사업보고서,2005,12
20060511000927,와이투솔루션,사업보고서,2005,12
20060928000092,용평리조트,사업보고서,2006,06
20060629000118,우리종금,사업보고서,2006,03
20060329000404,우성,사업보고서,2005,12
20060331000081,우신시스템,사업보고서,2005,12
20060331002513,우진플라임,사업보고서,2005,12
20060331001713,웅진,사업보고서,2005,12
20060331001486,원림,사업보고서,2005,12
20060331000214,웰바이오텍,사업보고서,2005,12
20060331001770,윌비스,사업보고서,2005,12
20060629000245,유나이티드,사업보고서,2006,03
20060330000523,유니드,사업보고서,2005,12
20060330000926,유니온,사업보고서,2005,12
20060331001828,유니켐,사업보고서,2005,12
20060329000729,유니퀘스트,사업보고서,2005,12
20060331000385,유성기업,사업보고서,2005,12
20060331000403,유수홀딩스,사업보고서,2005,12
20060629000325,유안타증권,사업보고서,2006,03
20060331000443,유엔젤,사업보고서,2005,12
20060629000238,유유제약,사업보고서,2006,03
20060629000146,유진증권,사업보고서,2006,03
20060331001548,유한양행,사업보고서,2005,12
20060330000384,율촌화학,사업보고서,2005,12
20061229000135,이건산업,사업보고서,2006,09
20060330001594,이구산업,사업보고서,2005,12
20060331001440,이수페타시스,사업보고서,2005,12
20060511001784,이수화학,사업보고서,2005,12
20060331000838,이스타코,사업보고서,2005,12
20060331001051,이엔플러스,사업보고서,2005,12
20060331001740,이월드,사업보고서,2005,12
20060627000023,이화산업,사업보고서,2006,03
20060329000062,인디에프,사업보고서,2005,12
20060331002699,인스코비,사업보고서,2005,12
20060330001130,인지컨트롤스,사업보고서,2005,12
20060331000390,인팩,사업보고서,2005,12
20060628000035,일동홀딩스,사업보고서,2006,03
20060331000762,일성건설,사업보고서,2005,12
20060331001186,일성신약,사업보고서,2005,12
20060512001780,일신방직,사업보고서,2005,12
20060331000364,일신석재,사업보고서,2005,12
20060628000145,일양약품,사업보고서,2006,03
20060330000586,일정실업,사업보고서,2005,12
20060331000327,일진다이아,사업보고서,2005,12
20060331002481,일진디스플,사업보고서,2005,12
20060331000182,일진홀딩스,사업보고서,2005,12
20060331000402,자화전자,사업보고서,2005,12
20060329000033,전방,사업보고서,2005,12
20060327000800,제이준코스메틱,사업보고서,2005,12
20060331001952,제일기획,사업보고서,2005,03
20060331001564,제일연마,사업보고서,2005,12
20060330001469,제일파마홀딩스,사업보고서,2005,12
20060404000991,제주은행,사업보고서,2005,12
20060504000097,조광페인트,사업보고서,2005,12
20060330000945,조광피혁,사업보고서,2005,12
20060330000276,조비,사업보고서,2005,12
20060330000027,조선내화,사업보고서,2005,12
20060330000848,조일알미늄,사업보고서,2005,12
20060331000878,조흥,사업보고서,2005,12
20060331001466,종근당바이오,사업보고서,2005,12
20060512001069,종근당홀딩스,사업보고서,2005,12
20060331002728,지누스,사업보고서,2005,12
20060331001375,지투알,사업보고서,2005,12
20060331000738,진양산업,사업보고서,2005,12
20060331001193,진양폴리우레탄,사업보고서,2005,12
20060331001557,진양화학,사업보고서,2005,12
20060331000204,진흥기업,사업보고서,2005,12
20060331001195,참엔지니어링,사업보고서,2005,12
20060328000361,천일고속,사업보고서,2005,12
20060928000037,체시스,사업보고서,2006,06
20060331001314,카카오,사업보고서,2005,12
20060331000200,카프로,사업보고서,2005,12
20060331001441,케이비아이동국실업,사업보고서,2005,12
20060331001028,케이씨,사업보고서,2005,12
20060329000496,케이씨씨,사업보고서,2005,12
20060331001475,케이씨티시,사업보고서,2005,12
20060330001583,케이티,사업보고서,2005,12
20060331001433,케이티스카이라이프,사업보고서,2005,12
20060331001373,케이티앤지,사업보고서,2005,12
20060331000976,코리아써키트,사업보고서,2005,12
20060628000249,코리안리,사업보고서,2006,03
20060313000069,코스맥스비티아이,사업보고서,2005,12
20060331001245,코스모신소재,사업보고서,2005,12
20060329000367,코스모화학,사업보고서,2005,12
20060411000724,코아스,사업보고서,2005,12
20060331000525,코오롱,사업보고서,2005,12
20060331002241,코오롱글로벌,사업보고서,2005,12
20060331002264,코웨이,사업보고서,2005,12
20060331002490,콘텐트리중앙,사업보고서,2005,12
20060331000522,콤텍시스템,사업보고서,2005,12
20060331000308,큐로,사업보고서,2005,12
20060512002838,크라운해태홀딩스,사업보고서,2005,12
20060331000468,키다리스튜디오,사업보고서,2005,12
20060629000013,키움증권,사업보고서,2006,03
20060331002243,태경비케이,사업보고서,2005,12
20060331002113,태경산업,사업보고서,2005,12
20060331002256,태경케미컬,사업보고서,2005,12
20060331002219,태광산업,사업보고서,2005,12
20060331001641,태림포장,사업보고서,2005,12
20060410000938,태양금속공업,사업보고서,2005,12
20060503000748,태영건설,사업보고서,2005,12
20060330001396,태원물산,사업보고서,2005,12
20060331000238,태평양물산,사업보고서,2005,12
20060330000901,텔코웨어,사업보고서,2005,12
20060504001014,티비에이치글로벌,사업보고서,2005,12
20060331000092,티에이치엔,사업보고서,2005,12
20060331001726,티웨이홀딩스,사업보고서,2005,12
20060330000836,티케이지휴켐스,사업보고서,2005,12
20060331001066,파미셀,사업보고서,2005,12
20060424000122,팜스코,사업보고서,2005,12
20060330000966,팜젠사이언스,사업보고서,2005,12
20060331000733,퍼스텍,사업보고서,2005,12
20060331001177,퍼시스,사업보고서,2005,12
20060331001248,페이퍼코리아,사업보고서,2005,12
20060330001397,평화홀딩스,사업보고서,2005,12
20060331000397,포스코스틸리온,사업보고서,2005,12
20060331001586,포스코인터내셔널,사업보고서,2005,12
20060512002342,포스코케미칼,사업보고서,2005,12
20060512002005,풀무원,사업보고서,2005,12
20060331000821,풍산홀딩스,사업보고서,2005,12
20060504000915,플레이그램,사업보고서,2005,12
20060331001083,하나금융지주,사업보고서,2005,12
20060508000886,하나투어,사업보고서,2005,12
20060331001206,하이스틸,사업보고서,2005,12
20060330001559,하이트론씨스템즈,사업보고서,2005,12
20060331000972,하이트진로,사업보고서,2005,12
20060331002183,하이트진로홀딩스,사업보고서,2005,12
20060331000679,한국가스공사,사업보고서,2005,12
20060329000697,한국공항,사업보고서,2005,12
20060616000231,한국금융지주,사업보고서,2006,03
20060331000480,한국내화,사업보고서,2005,12
20060407000744,한국단자공업,사업보고서,2005,12
20060330001338,한국석유공업,사업보고서,2005,12
20060330000468,한국수출포장공업,사업보고서,2005,12
20060331001467,한국쉘석유,사업보고서,2005,12
20060331000034,한국앤컴퍼니,사업보고서,2005,12
20060331000959,한국전력공사,사업보고서,2005,12
20060515002577,한국전자홀딩스,사업보고서,2005,12
20060331001238,한국조선해양,사업보고서,2005,12
20060330000548,한국주강,사업보고서,2005,12
20060629000129,한국주철관공업,사업보고서,2006,03
20060330000235,한국카본,사업보고서,2005,12
20060629000229,한국콜마홀딩스,사업보고서,2006,03
20060331000322,한국토지신탁,사업보고서,2005,12
20060327000327,한국특강,사업보고서,2005,12
20060331001818,한국프랜지공업,사업보고서,2005,12
20060329000181,한국항공우주,사업보고서,2005,12
20060330001000,한국화장품제조,사업보고서,2005,12
20060330000020,한농화성,사업보고서,2005,12
20060330000729,한독,사업보고서,2005,12
20060330000225,한미반도체,사업보고서,2005,12
20060331001254,한미사이언스,사업보고서,2005,12
20060330001103,한샘,사업보고서,2005,12
20060329000770,한섬,사업보고서,2005,12
20060331001099,한성기업,사업보고서,2005,12
20060330000048,한세예스24홀딩스,사업보고서,2005,12
20060331001320,한솔로지스틱스,사업보고서,2005,12
20061114000183,한솔케미칼,사업보고서,2005,12
20060331001633,한솔테크닉스,사업보고서,2005,12
20060330000927,한솔피엔에스,사업보고서,2005,12
20060418000213,한솔홀딩스,사업보고서,2005,12
20060928000279,한솔홈데코,사업보고서,2005,12
20060331000038,한신공영,사업보고서,2005,12
20060330000035,한신기계공업,사업보고서,2005,12
20060629000030,한양증권,사업보고서,2006,03
20060330000591,한온시스템,사업보고서,2005,12
20060331001579,한올바이오파마,사업보고서,2005,12
20060331000775,한익스프레스,사업보고서,2005,12
20060331000963,한일철강,사업보고서,2005,12
20060331001583,한일현대시멘트,사업보고서,2005,12
20060331001558,한일홀딩스,사업보고서,2005,12
20060331002614,한진,사업보고서,2005,12
20060331001315,한진중공업홀딩스,사업보고서,2005,12
20060331001273,한창,사업보고서,2005,12
20060331001772,한창제지,사업보고서,2005,12
20060331002192,한화,사업보고서,2005,12
20060630000007,한화손해보험,사업보고서,2006,03
20060331002087,한화솔루션,사업보고서,2005,12
20060331002081,한화에어로스페이스,사업보고서,2005,12
20060629000281,한화투자증권,사업보고서,2006,03
20060331002133,현대건설,사업보고서,2005,12
20060331002189,현대그린푸드,사업보고서,2005,12
20060929000225,현대글로비스,사업보고서,2005,12
20060331002228,현대두산인프라코어,사업보고서,2005,12
20060331000028,현대로템,사업보고서,2005,12
20060330001077,현대리바트,사업보고서,2005,12
20060331002214,현대모비스,사업보고서,2005,12
20060331000128,현대미포조선,사업보고서,2005,12
20060331001171,현대백화점,사업보고서,2005,12
20060509000623,현대비앤지스틸,사업보고서,2005,12
20060228000413,현대약품,사업보고서,2005,11
20060331000723,현대엘리베이터,사업보고서,2005,12
20060331001802,현대위아,사업보고서,2005,12
20060331000188,현대자동차,사업보고서,2005,12
20060331001374,현대제철,사업보고서,2005,12
20060629000112,현대차증권,사업보고서,2006,03
20060428001090,현대코퍼레이션,사업보고서,2005,12
20060629000025,현대해상,사업보고서,2006,03
20060330001095,혜인,사업보고서,2005,12
20060331002070,호텔신라,사업보고서,2005,12
20060331002378,화성산업,사업보고서,2005,12
20060511002010,화승인더스트리,사업보고서,2005,12
20060511001807,화승코퍼레이션,사업보고서,2005,12
20060330000534,화신,사업보고서,2005,12
20060331001636,화천기계,사업보고서,2005,12
20060331000222,화천기공,사업보고서,2005,12
20060330000159,환인제약,사업보고서,2005,12
20060330001107,황금에스티,사업보고서,2005,12
20060331001668,효성,사업보고서,2005,12
20060331000935,휴니드테크놀러지스,사업보고서,2005,12
20060331002641,휴비스,사업보고서,2005,12
20060330000733,휴스틸,사업보고서,2005,12
20060629000239,흥국화재,사업보고서,2006,03
20060330000953,흥아해운,사업보고서,2005,12
